Workbook
Name Activity_Detail_Col: Vocab_NameList!$M$2:$M$26
Name Activity_Detail_Start: Vocab_NameList!$M$2
Name ActivityStype_Col: Vocab_NameList!$M$2:$M$26
Name ActivityStype_Start: Vocab_NameList!$M$2
Name ActivityType_Col: Vocab_NameList!$I$2:$I$26
Name ActivityType_Start: Vocab_NameList!$I$2
Name BlankList: Sheet5!$J$2
Name CommunalSpaces: Sheet5!$E$2:$E$6
Name Help_Col: 'COD-Sites'!$G$2:$G$9998
Name Help_Start: 'COD-Sites'!$G$2
Name ImprovementType: Sheet5!$F$2:$F$6
Name Nei_Col: 'COD-Sites'!$F$2:$F$1883
Name Nei_Start: 'COD-Sites'!$F$2
Name PA_Col: Vocab_NameList!$AJ$2:$AJ$25
Name PA_Start: Vocab_NameList!$AJ$2
Name Partners: Vocab_NameList!$D$2:$D$161
Name Region_Col: Vocab_NameList!$AD$2:$AD$194
Name Region_Start: Vocab_NameList!$AD$2
Name RiskType: Sheet5!$G$2:$G$9
Name Site_Col: 'COD-Sites'!$H$2:$H$1883
Name Site_Start: 'COD-Sites'!$H$2
Name Status: Vocab_NameList!$Q$1:$Q$4

Sheet Read Me

Sheet ActivityReporting (Data Entry)
B1: WHO | D1: WHERE | G1: STATUS | H1: WHAT | O1: CASELOAD/ACHIEVEMENT/BENEFICIARIES
O2: COUNTS/INDIVIDUALS | Q2: AGE SEX DISAGGREGATION (Must be filled for the cells that are not black) | W2: VULNERABILITY (People with Disabilities)
A3: Reporting Month | B3: Organization Name | C3: Program / Coordinating / Donor Organization | D3: Governorate (Select from Dropdown) | E3: Neighborhood (Select from Dropdown) | F3: Site Name (Select from Dropdown, or type name and code if not found) | G3: Activity Status (Select from Dropdown) | H3: Primary Activities (Select From Dropdown) | I3: Sub Activity (Select from Dropdown) | J3: Indicator (Select from Dropdown) | K3: Specification (Select from Dropdown) | L3: Activity Details (Provide additional brief remarks on the activity, if any) | M3: Units (Auto Calculated, Do not modify) | N3: Total Planned/Reached Count | O3: Male | P3: Female | Q3: Boys (<18) | R3: Girls (<18) | S3: Men (18-59) | T3: Women (18-59) | U3: Elderly Male (≥60) | V3: Elderly Female (≥60) | W3: Male-PWD | X3: Female-PWD | Y3: Helper | Z3: Additional Remarks
M4: =IFERROR(INDEX(Vocab_NameList!$O:$O,MATCH($J4, Vocab_NameList!$M:$M, 0)),"") | Y4: =Table2[[#This Row],[Governorate (Select from Dropdown)]]&Table2[[#This Row],[Neighborhood (Select from Dropdown)]]&Table2[[#This Row],[Organization Name]]
M5: =IFERROR(INDEX(Vocab_NameList!$O:$O,MATCH($J5, Vocab_NameList!$M:$M, 0)),"") | Y5: =Table2[[#This Row],[Governorate (Select from Dropdown)]]&Table2[[#This Row],[Neighborhood (Select from Dropdown)]]&Table2[[#This Row],[Organization Name]]
M6: =IFERROR(INDEX(Vocab_NameList!$O:$O,MATCH($J6, Vocab_NameList!$M:$M, 0)),"") | Y6: =Table2[[#This Row],[Governorate (Select from Dropdown)]]&Table2[[#This Row],[Neighborhood (Select from Dropdown)]]&Table2[[#This Row],[Organization Name]]
M7: =IFERROR(INDEX(Vocab_NameList!$O:$O,MATCH($J7, Vocab_NameList!$M:$M, 0)),"") | Y7: =Table2[[#This Row],[Governorate (Select from Dropdown)]]&Table2[[#This Row],[Neighborhood (Select from Dropdown)]]&Table2[[#This Row],[Organization Name]]
M8: =IFERROR(INDEX(Vocab_NameList!$O:$O,MATCH($J8, Vocab_NameList!$M:$M, 0)),"") | Y8: =Table2[[#This Row],[Governorate (Select from Dropdown)]]&Table2[[#This Row],[Neighborhood (Select from Dropdown)]]&Table2[[#This Row],[Organization Name]]
M9: =IFERROR(INDEX(Vocab_NameList!$O:$O,MATCH($J9, Vocab_NameList!$M:$M, 0)),"") | Y9: =Table2[[#This Row],[Governorate (Select from Dropdown)]]&Table2[[#This Row],[Neighborhood (Select from Dropdown)]]&Table2[[#This Row],[Organization Name]]
M10: =IFERROR(INDEX(Vocab_NameList!$O:$O,MATCH($J10, Vocab_NameList!$M:$M, 0)),"") | Y10: =Table2[[#This Row],[Governorate (Select from Dropdown)]]&Table2[[#This Row],[Neighborhood (Select from Dropdown)]]&Table2[[#This Row],[Organization Name]]
M11: =IFERROR(INDEX(Vocab_NameList!$O:$O,MATCH($J11, Vocab_NameList!$M:$M, 0)),"") | Y11: =Table2[[#This Row],[Governorate (Select from Dropdown)]]&Table2[[#This Row],[Neighborhood (Select from Dropdown)]]&Table2[[#This Row],[Organization Name]]
M12: =IFERROR(INDEX(Vocab_NameList!$O:$O,MATCH($J12, Vocab_NameList!$M:$M, 0)),"") | Y12: =Table2[[#This Row],[Governorate (Select from Dropdown)]]&Table2[[#This Row],[Neighborhood (Select from Dropdown)]]&Table2[[#This Row],[Organization Name]]
M13: =IFERROR(INDEX(Vocab_NameList!$O:$O,MATCH($J13, Vocab_NameList!$M:$M, 0)),"") | Y13: =Table2[[#This Row],[Governorate (Select from Dropdown)]]&Table2[[#This Row],[Neighborhood (Select from Dropdown)]]&Table2[[#This Row],[Organization Name]]
M14: =IFERROR(INDEX(Vocab_NameList!$O:$O,MATCH($J14, Vocab_NameList!$M:$M, 0)),"") | Y14: =Table2[[#This Row],[Governorate (Select from Dropdown)]]&Table2[[#This Row],[Neighborhood (Select from Dropdown)]]&Table2[[#This Row],[Organization Name]]
M15: =IFERROR(INDEX(Vocab_NameList!$O:$O,MATCH($J15, Vocab_NameList!$M:$M, 0)),"") | Y15: =Table2[[#This Row],[Governorate (Select from Dropdown)]]&Table2[[#This Row],[Neighborhood (Select from Dropdown)]]&Table2[[#This Row],[Organization Name]]
... M500: =IFERROR(INDEX(Vocab_NameList!$O:$O,MATCH($J500, Vocab_NameList!$M:$M, 0)),"") | Y500: =Table2[[#This Row],[Governorate (Select from Dropdown)]]&Table2[[#This Row],[Neighborhood (Select from Dropdown)]]&Table2[[#This Row],[Organization Name]]

Sheet Activity Index
A1: Primary Activity | B1: Sub Activity | C1: Indicators | D1: Additional options | E1: Activity_Code | F1: Unit | G1: Indicator Purpose
A2: Establishment and strengthening of community representation structures, with two way communication mechanisms in place | B2: Establishment or support provided to community representation structures | C2: People in displacement sites with community representation structures supported by Site Management Agencies | E2: SMC_IND_001 | F2: # of individuals | G2: Flash Appeal 2026
A3: Establishment and strengthening of community representation structures, with two way communication mechanisms in place | B3: Facilitation of Community Led Projects | C3: Community-led projects implemented | E3: SMC_IND_002 | F3: # of CLPs | G3: SMC Coordination
A4: Establishment and strengthening of community representation structures, with two way communication mechanisms in place | B4: Information sharing and feedback mechanisms in place | C4: IEC awareness raising products disseminated | E4: SMC_IND_003 | F4: # of products | G4: SMC Coordination
A5: Establishment and strengthening of community representation structures, with two way communication mechanisms in place | B5: Information sharing and feedback mechanisms in place | C5: Participants in Community Feedback Mechanism information sessions | E5: SMC_IND_004 | F5: # of participants | G5: SMC Coordination
A6: Establishment and strengthening of community representation structures, with two way communication mechanisms in place | B6: Information sharing and feedback mechanisms in place | C6: People in sites reached by IEC and awareness raising materials | E6: SMC_IND_005 | F6: # of people | G6: SMC Coordination
A7: Establishment and strengthening of community representation structures, with two way communication mechanisms in place | B7: Information sharing and feedback mechanisms in place | C7: Sites with Community Feedback Mechanisms in place: Information sessions facilitated, or information materials made available to residents. | E7: SMC_IND_006 | F7: # of sites | G7: SMC Coordination
A8: Support to populations to transition out of sites including support to populations out of sites, community engagement, support for relocation and safe site closures. | B8: Plan and implement site closure and exit strategies | C8: Sites safely closed or decommissioned with land returned to orginal use | E8: SMC_IND_007 | F8: # of sites | G8: SMC Coordination
A9: Provision of site management services including strengthened coordination mechanisms, regular site monitoring, service mapping, and robust referral systems to address gaps and avoid duplication. | B9: Population movement monitoring activities | C9: Population flow counting points are active during high population movement periods | E9: SMC_IND_009 | F9: # of days | G9: SMC Coordination
A10: Provision of site management services including strengthened coordination mechanisms, regular site monitoring, service mapping, and robust referral systems to address gaps and avoid duplication. | B10: Protection mainstreaming | C10: Sites with protection referral pathway in place | E10: SMC_IND_010 | F10: # of sites | G10: SMC Coordination
A11: Provision of site management services including strengthened coordination mechanisms, regular site monitoring, service mapping, and robust referral systems to address gaps and avoid duplication. | B11: Protection mainstreaming | C11: Sites with safety audits conducted | E11: SMC_IND_011 | F11: # of sites | G11: SMC Coordination
A12: Provision of site management services including strengthened coordination mechanisms, regular site monitoring, service mapping, and robust referral systems to address gaps and avoid duplication. | B12: Service coordination supported and improved | C12: Number of service/infrastructure mapping reports generated | E12: SMC_IND_013 | F12: # of reports | G12: SMC Coordination
A13: Provision of site management services including strengthened coordination mechanisms, regular site monitoring, service mapping, and robust referral systems to address gaps and avoid duplication. | B13: Service coordination supported and improved | C13: Number of site-level coordination meetings | E13: SMC_IND_014 | F13: # of meetings | G13: SMC Coordination
A14: Provision of site management services including strengthened coordination mechanisms, regular site monitoring, service mapping, and robust referral systems to address gaps and avoid duplication. | B14: Service coordination supported and improved | C14: People in sites managed or supported by trained Site Management teams | E14: SMC_IND_015 | F14: # of individuals | G14: Flash Appeal 2026
A15: Works to increase safety and improve dignity of site environments, with risk mitigation measures in place to respond to incidents including seasonal impacts. | B15: Site maintenance, risk reduction and improvements | C15: Communal spaces established or improved in sites (including safe spaces, child-friendly spaces, committee spaces, community resource spaces) | D15: Safe spaces, Child-friendly spaces, Committee spaces, Community resource spaces, Other (describe) | E15: SMC_IND_016 | F15: # of spaces | G15: SMC Coordination
A16: Works to increase safety and improve dignity of site environments, with risk mitigation measures in place to respond to incidents including seasonal impacts. | B16: Site maintenance, risk reduction and improvements | C16: Number of individuals trained / supported to conduct site care and maintenance | D16: Fire, Flood, Extreme Heat, Infestation, Landslide, Sanitation, Waster, Other (Describe), Not Applicable | E16: SMC_IND_017 | F16: # of individuals | G16: SMC Coordination
A17: Works to increase safety and improve dignity of site environments, with risk mitigation measures in place to respond to incidents including seasonal impacts. | B17: Site maintenance, risk reduction and improvements | C17: Number of sand/flour bags distributed | D17: Fire, Flood, Extreme Heat, Infestation, Landslide, Sanitation, Waster, Other (Describe), Not Applicable | E17: SMC_IND_018 | F17: # of bags | G17: SMC Coordination
A18: Works to increase safety and improve dignity of site environments, with risk mitigation measures in place to respond to incidents including seasonal impacts. | B18: Site maintenance, risk reduction and improvements | C18: Number of tools distributed for site improvement (count individual tools, not toolkits) | E18: SMC_IND_019 | F18: # of tools | G18: SMC Coordination
A19: Works to increase safety and improve dignity of site environments, with risk mitigation measures in place to respond to incidents including seasonal impacts. | B19: Site maintenance, risk reduction and improvements | C19: People in displacement sites with improvements made in site planning, facilities and/or infrastructure including (construction/repair/cleaning drainage, slope stabilisation, etc.) either directly or through community led projects | D19: Fire, Flood, Extreme Heat, Infestation, Landslide, Sanitation, Waster, Other (Describe), Not Applicable | E19: SMC_IND_020 | F19: # of individuals | G19: Flash Appeal 2026
A20: Works to increase safety and improve dignity of site environments, with risk mitigation measures in place to respond to incidents including seasonal impacts. | B20: Site maintenance, risk reduction and improvements | C20: People in sites hired via Cash for Work for site maintenance/improvement | D20: Fire, Flood, Extreme Heat, Infestation, Landslide, Sanitation, Waster, Other (Describe), Not Applicable | E20: SMC_IND_021 | F20: # of individuals | G20: SMC Coordination
A21: Support to populations to transition out of sites including support to populations out of sites, community engagement, support for relocation and safe site closures. | B21: Support safe transition of site based populations | C21: Individuals supported by Site Management projects facilitating transition through access to services. Including area based site management, hubs, and community resource centres. | E21: SMC_IND_022 | F21: # of individuals | G21: Flash Appeal 2026
A22: Support to populations to transition out of sites including support to populations out of sites, community engagement, support for relocation and safe site closures. | B22: Support safe transition of site based populations | C22: Site Management projects facilitating transition through access to services. Including area based site management, hubs, and community resource centres. | E22: SMC_IND_023 | F22: # of projects | G22: Flash Appeal 2027
A23: Establishment and strengthening of community representation structures, with two way communication mechanisms in place | B23: Training provided to community representation structures | C23: Number of individuals who have recieved training in community representation structures | E23: SMC_IND_024 | F23: # of participants | G23: SMC Coordination
A24: Establishment and strengthening of community representation structures, with two way communication mechanisms in place | B24: Training provided to community representation structures | C24: Trainings provided to community representation structures | E24: SMC_IND_025 | F24: # of trainings | G24: SMC Coordination
A25: Capacity-strengthening for SMA staff and voluntunteers, CBOs, other sectoral agencies and stakeholders | B25: Training provided to SMA, CBO, and other stakeholders | C25: Individuals received training in Site Management, including SMA and CBO staff and volunteers, and other stakeholders. | E25: SMC_IND_026 | F25: # of individuals | G25: Flash Appeal 2026
A26: Support to populations to transition out of sites including support to populations out of sites, community engagement, support for relocation and safe site closures. | B26: Undertake intentions and perceptions surveys | C26: Intentions or perceptions surveys conducted | E26: SMC_IND_027 | F26: # of assessments | G26: SMC Coordination

Sheet Sheet5
A1: Establishment and strengthening of community representation structures, with two way communication mechanisms in place | C1: Establishment or support provided to community representation structures | E1: CommunalSpaces | F1: ImprovementType | G1: RiskType | H1: Indicator Keyword | I1: List Name | J1: BlankList
A2: Support to populations to transition out of sites including support to populations out of sites, community engagement, support for relocation and safe site closures. | C2: Facilitation of Community Led Projects | E2: Safe Spaces | F2: Construction | G2: Fire | H2: Communal spaces established | I2: CommunalSpaces
A3: Provision of site management services including strengthened coordination mechanisms, regular site monitoring, service mapping, and robust referral systems to address gaps and avoid duplication. | C3: Information sharing and feedback mechanisms in place | E3: Child-Friendly Spaces | F3: Repair | G3: Flood | H3: improvements made in site planning | I3: ImprovementType
A4: Works to increase safety and improve dignity of site environments, with risk mitigation measures in place to respond to incidents including seasonal impacts. | C4: Plan and implement site closure and exit strategies | E4: Committee Spaces | F4: Cleaning Drainage | G4: Extreme Heat | H4: Cash for Work for site maintenance | I4: ImprovementType
A5: Capacity-strengthening for SMA staff and voluntunteers, CBOs, other sectoral agencies and stakeholders | C5: Population movement monitoring activities | E5: Community Resource Spaces | F5: Slope Stabilization | G5: Infestation | H5: site care and maintenance | I5: RiskType
C6: Protection mainstreaming | E6: Other (Describe in Column L) | F6: Other | G6: Landslide
C7: Service coordination supported and improved | G7: Sanitation
C8: Site maintenance, risk reduction and improvements | G8: Waster
C9: Support safe transition of site based populations | G9: Other (Describe)
C10: Training provided to community representation structures | G10: Not applicable
C11: Training provided to SMA, CBO, and other stakeholders
C12: Undertake intentions and perceptions surveys

Sheet Vocab_NameList
B1: Partner | D1: Partner | F1: Activity Type | I1: Activity Type | J1: Activity Sub-Type | L1: Activity Type | M1: Activity Sub-Type | N1: Activity_Code | O1: Unit | Q1: Planned | S1: ActivityCode | T1: Concat1 | U1: ActivityCode | V1: Units | X1: Reporting Month | Z1: Governorate | AA1: PCODE_Gove | AC1: PCODE_Gove | AD1: Governorat | AE1: Neighbourh | AF1: PCODE_Neig | AH1: Primary Activities | AJ1: Primary Activities | AK1: ActivityType | AM1: Activity Type | AO1: Activity Type | AP1: Activity Sub-Type | AR1: Activity Type | AS1: Activity Sub Type | AT1: Units | AU1: Activity Code
B2: ACTED | D2: ACTED | F2: Establishment or support provided to community representation structures | I2: Establishment or support provided to community representation structures | J2: People in displacement sites with community representation structures supported by Site Management Agencies | L2: Establishment or support provided to community representation structures | M2: People in displacement sites with community representation structures supported by Site Management Agencies | N2: SMC_IND_001 | O2: # of individuals | Q2: Ongoing | S2: SMC_IND_001 | T2: =L2&M2 -> Establishment or support provided to community representation structuresPeople in displacement sites with community representation structures supported by Site Management Agencies | U2: SMC_IND_001 | V2: # of individuals | X2: January | Z2: Khan Yunis | AA2: 270 | AC2: 265 | AD2: Deir al Balah | AE2: Abu Al-'Ajeen | AF2: 2651138 | AH2: Establishment and strengthening of community representation structures, with two way communication mechanisms in place | AJ2: Establishment and strengthening of community representation structures, with two way communication mechanisms in place | AK2: Establishment or support provided to community representation structures | AM2: Establishment or support provided to community representation structures | AO2: Establishment or support provided to community representation structures | AP2: People in displacement sites with community representation structures supported by Site Management Agencies | AR2: Establishment or support provided to community representation structures | AS2: People in displacement sites with community representation structures supported by Site Management Agencies | AT2: SMC_IND_001 | AU2: # of individuals
B3: BLDA | D3: BLDA | F3: Facilitation of Community Led Projects | I3: Facilitation of Community Led Projects | J3: Community-led projects implemented | L3: Facilitation of Community Led Projects | M3: Community-led projects implemented | N3: SMC_IND_002 | O3: # of CLPs | Q3: Completed | S3: SMC_IND_002 | T3: =L3&M3 -> Facilitation of Community Led ProjectsCommunity-led projects implemented | U3: SMC_IND_002 | V3: # of CLPs | X3: February | Z3: Gaza | AA3: 260 | AC3: 265 | AD3: Deir al Balah | AE3: Abu Hdaf | AF3: 2651143 | AH3: Support to populations to transition out of sites including support to populations out of sites, community engagement, support for relocation and safe site closures. | AJ3: Establishment and strengthening of community representation structures, with two way communication mechanisms in place | AK3: Facilitation of Community Led Projects | AM3: Facilitation of Community Led Projects | AO3: Facilitation of Community Led Projects | AP3: Community-led projects implemented | AR3: Facilitation of Community Led Projects | AS3: Community-led projects implemented | AT3: SMC_IND_002 | AU3: # of CLPs
B4: CESVI | D4: CESVI | F4: Information sharing and feedback mechanisms in place | I4: Information sharing and feedback mechanisms in place | J4: IEC awareness raising products disseminated | L4: Information sharing and feedback mechanisms in place | M4: IEC awareness raising products disseminated | N4: SMC_IND_003 | O4: # of products | Q4: Not Applicable | S4: SMC_IND_003 | T4: =L4&M4 -> Information sharing and feedback mechanisms in placeIEC awareness raising products disseminated | U4: SMC_IND_003 | V4: # of products | X4: March | Z4: Deir Al Balah | AA4: 255 | AC4: 265 | AD4: Deir al Balah | AE4: Abu Mgheiseb | AF4: 2651144 | AH4: Provision of site management services including strengthened coordination mechanisms, regular site monitoring, service mapping, and robust referral systems to address gaps and avoid duplication. | AJ4: Establishment and strengthening of community representation structures, with two way communication mechanisms in place | AK4: Information sharing and feedback mechanisms in place | AM4: Information sharing and feedback mechanisms in place | AO4: Information sharing and feedback mechanisms in place | AP4: IEC awareness raising products disseminated | AR4: Information sharing and feedback mechanisms in place | AS4: IEC awareness raising products disseminated | AT4: SMC_IND_003 | AU4: # of products
B5: DRC | D5: DRC | F5: Plan and implement site closure and exit strategies | I5: Information sharing and feedback mechanisms in place | J5: Participants in Community Feedback Mechanism information sessions | L5: Information sharing and feedback mechanisms in place | M5: Participants in Community Feedback Mechanism information sessions | N5: SMC_IND_004 | O5: # of participants | S5: SMC_IND_004 | T5: =L5&M5 -> Information sharing and feedback mechanisms in placeParticipants in Community Feedback Mechanism information sessions | U5: SMC_IND_004 | V5: # of participants | X5: April | Z5: North Gaza | AA5: 265 | AC5: 265 | AD5: Deir al Balah | AE5: Abu Thaher | AF5: 2651146 | AH5: Works to increase safety and improve dignity of site environments, with risk mitigation measures in place to respond to incidents including seasonal impacts. | AJ5: Establishment and strengthening of community representation structures, with two way communication mechanisms in place | AK5: Information sharing and feedback mechanisms in place | AM5: Plan and implement site closure and exit strategies | AO5: Information sharing and feedback mechanisms in place | AP5: Participants in Community Feedback Mechanism information sessions | AR5: Information sharing and feedback mechanisms in place | AS5: Participants in Community Feedback Mechanism information sessions | AT5: SMC_IND_004 | AU5: # of participants
B6: FADE | D6: FADE | F6: Population movement monitoring activities | I6: Information sharing and feedback mechanisms in place | J6: People in sites reached by IEC and awareness raising materials | L6: Information sharing and feedback mechanisms in place | M6: People in sites reached by IEC and awareness raising materials | N6: SMC_IND_005 | O6: # of people | S6: SMC_IND_005 | T6: =L6&M6 -> Information sharing and feedback mechanisms in placePeople in sites reached by IEC and awareness raising materials | U6: SMC_IND_005 | V6: # of people | X6: May | Z6: Rafah | AA6: 275 | AC6: 265 | AD6: Deir al Balah | AE6: Ad Damitha'a | AF6: 2650886 | AH6: Capacity-strengthening for SMA staff and voluntunteers, CBOs, other sectoral agencies and stakeholders | AJ6: Establishment and strengthening of community representation structures, with two way communication mechanisms in place | AK6: Information sharing and feedback mechanisms in place | AM6: Population movement monitoring activities | AO6: Information sharing and feedback mechanisms in place | AP6: People in sites reached by IEC and awareness raising materials | AR6: Information sharing and feedback mechanisms in place | AS6: People in sites reached by IEC and awareness raising materials | AT6: SMC_IND_005 | AU6: # of people
B7: FAFD | D7: FAFD | F7: Protection mainstreaming | I7: Information sharing and feedback mechanisms in place | J7: Sites with Community Feedback Mechanisms in place: Information sessions facilitated, or information materials made available to residents. | L7: Information sharing and feedback mechanisms in place | M7: Sites with Community Feedback Mechanisms in place: Information sessions facilitated, or information materials made available to residents. | N7: SMC_IND_006 | O7: # of sites | S7: SMC_IND_006 | T7: =L7&M7 -> Information sharing and feedback mechanisms in placeSites with Community Feedback Mechanisms in place: Information sessions facilitated, or information materials made available to residents. | U7: SMC_IND_006 | V7: # of sites | X7: June | AC7: 265 | AD7: Deir al Balah | AE7: Al Amal | AF7: 2650583 | AJ7: Establishment and strengthening of community representation structures, with two way communication mechanisms in place | AK7: Information sharing and feedback mechanisms in place | AM7: Protection mainstreaming | AO7: Information sharing and feedback mechanisms in place | AP7: Sites with Community Feedback Mechanisms in place: Information sessions facilitated, or information materials made available to residents. | AR7: Information sharing and feedback mechanisms in place | AS7: Sites with Community Feedback Mechanisms in place: Information sessions facilitated, or information materials made available to residents. | AT7: SMC_IND_006 | AU7: # of sites
B8: HEKS | D8: HEKS | F8: Service coordination supported and improved | I8: Plan and implement site closure and exit strategies | J8: Sites safely closed or decommissioned with land returned to orginal use | L8: Plan and implement site closure and exit strategies | M8: Sites safely closed or decommissioned with land returned to orginal use | N8: SMC_IND_007 | O8: # of sites | S8: SMC_IND_007 | T8: =L8&M8 -> Plan and implement site closure and exit strategiesSites safely closed or decommissioned with land returned to orginal use | U8: SMC_IND_007 | V8: # of sites | X8: July | AC8: 265 | AD8: Deir al Balah | AE8: Al Awda | AF8: 2650579 | AJ8: Support to populations to transition out of sites including support to populations out of sites, community engagement, support for relocation and safe site closures. | AK8: Plan and implement site closure and exit strategies | AM8: Service coordination supported and improved | AO8: Plan and implement site closure and exit strategies | AP8: Sites safely closed or decommissioned with land returned to orginal use | AR8: Plan and implement site closure and exit strategies | AS8: Sites safely closed or decommissioned with land returned to orginal use | AT8: SMC_IND_007 | AU8: # of sites
B9: IOM | D9: IOM | F9: Site maintenance, risk reduction and improvements | I9: Population movement monitoring activities | J9: Population flow counting points are active during high population movement periods | L9: Population movement monitoring activities | M9: Population flow counting points are active during high population movement periods | N9: SMC_IND_009 | O9: # of days | S9: SMC_IND_009 | T9: =L9&M9 -> Population movement monitoring activitiesPopulation flow counting points are active during high population movement periods | U9: SMC_IND_009 | V9: # of days | X9: August | AC9: 265 | AD9: Deir al Balah | AE9: Al Balad | AF9: 2651094 | AJ9: Provision of site management services including strengthened coordination mechanisms, regular site monitoring, service mapping, and robust referral systems to address gaps and avoid duplication. | AK9: Population movement monitoring activities | AM9: Site maintenance, risk reduction and improvements | AO9: Population movement monitoring activities | AP9: Number of individuals in sites where monitoring has been conducted with updated demographic information and needs shared within the response coordination structure | AR9: Population movement monitoring activities | AS9: Number of individuals in sites where monitoring has been conducted with updated demographic information and needs shared within the response coordination structure | AT9: SMC_IND_008 | AU9: # of individuals
B10: MAAN | D10: MAAN | F10: Support safe transition of site based populations | I10: Protection mainstreaming | J10: Sites with protection referral pathway in place | L10: Protection mainstreaming | M10: Sites with protection referral pathway in place | N10: SMC_IND_010 | O10: # of sites | S10: SMC_IND_010 | T10: =L10&M10 -> Protection mainstreamingSites with protection referral pathway in place | U10: SMC_IND_010 | V10: # of sites | X10: September | AC10: 265 | AD10: Deir al Balah | AE10: Al Basateen | AF10: 2650888 | AJ10: Provision of site management services including strengthened coordination mechanisms, regular site monitoring, service mapping, and robust referral systems to address gaps and avoid duplication. | AK10: Population movement monitoring activities | AM10: Support safe transition of site based populations | AO10: Population movement monitoring activities | AP10: Population flow counting points are active during high population movement periods | AR10: Population movement monitoring activities | AS10: Population flow counting points are active during high population movement periods | AT10: SMC_IND_009 | AU10: # of days
B11: NRC | D11: NRC | F11: Training provided to community representation structures | I11: Protection mainstreaming | J11: Sites with safety audits conducted | L11: Protection mainstreaming | M11: Sites with safety audits conducted | N11: SMC_IND_011 | O11: # of sites | S11: SMC_IND_011 | T11: =L11&M11 -> Protection mainstreamingSites with safety audits conducted | U11: SMC_IND_011 | V11: # of sites | X11: October | AC11: 265 | AD11: Deir al Balah | AE11: Al Bassa | AF11: 2651091 | AJ11: Provision of site management services including strengthened coordination mechanisms, regular site monitoring, service mapping, and robust referral systems to address gaps and avoid duplication. | AK11: Protection mainstreaming | AM11: Training provided to community representation structures | AO11: Protection mainstreaming | AP11: Sites with protection referral pathway in place | AR11: Protection mainstreaming | AS11: Sites with protection referral pathway in place | AT11: SMC_IND_010 | AU11: # of sites
B12: PARC | D12: PARC | F12: Training provided to SMA, CBO, and other stakeholders | I12: Service coordination supported and improved | J12: Number of service/infrastructure mapping reports generated | L12: Service coordination supported and improved | M12: Number of service/infrastructure mapping reports generated | N12: SMC_IND_013 | O12: # of reports | S12: SMC_IND_012 | T12: =#REF!&#REF! -> #REF! | U12: SMC_IND_012 | V12: # of surveys | X12: November | AC12: 265 | AD12: Deir al Balah | AE12: Al Birkeh | AF12: 2651099 | AJ12: Provision of site management services including strengthened coordination mechanisms, regular site monitoring, service mapping, and robust referral systems to address gaps and avoid duplication. | AK12: Protection mainstreaming | AM12: Training provided to SMA, CBO, and other stakeholders | AO12: Protection mainstreaming | AP12: Sites with safety audits conducted | AR12: Protection mainstreaming | AS12: Sites with safety audits conducted | AT12: SMC_IND_011 | AU12: # of sites
B13: PHC | D13: PHC | F13: Undertake intentions and perceptions surveys | I13: Service coordination supported and improved | J13: Number of site-level coordination meetings | L13: Service coordination supported and improved | M13: Number of site-level coordination meetings | N13: SMC_IND_014 | O13: # of meetings | S13: SMC_IND_013 | T13: =L12&M12 -> Service coordination supported and improvedNumber of service/infrastructure mapping reports generated | U13: SMC_IND_013 | V13: # of reports | X13: December | AC13: 265 | AD13: Deir al Balah | AE13: Al Bruk | AF13: 2651090 | AJ13: Provision of site management services including strengthened coordination mechanisms, regular site monitoring, service mapping, and robust referral systems to address gaps and avoid duplication. | AK13: Service coordination supported and improved | AM13: Undertake intentions and perceptions surveys | AO13: Service coordination supported and improved | AP13: Number of monitoring surveys conducted with site focal points | AR13: Service coordination supported and improved | AS13: Number of monitoring surveys conducted with site focal points | AT13: SMC_IND_012 | AU13: # of surveys
B14: UNDP | D14: UNDP | I14: Service coordination supported and improved | J14: People in sites managed or supported by trained Site Management teams | L14: Service coordination supported and improved | M14: People in sites managed or supported by trained Site Management teams | N14: SMC_IND_015 | O14: # of individuals | S14: SMC_IND_014 | T14: =L13&M13 -> Service coordination supported and improvedNumber of site-level coordination meetings | U14: SMC_IND_014 | V14: # of meetings | AC14: 265 | AD14: Deir al Balah | AE14: Al Bureij | AF14: 26503148 | AJ14: Provision of site management services including strengthened coordination mechanisms, regular site monitoring, service mapping, and robust referral systems to address gaps and avoid duplication. | AK14: Service coordination supported and improved | AO14: Service coordination supported and improved | AP14: Number of service/infrastructure mapping reports generated | AR14: Service coordination supported and improved | AS14: Number of service/infrastructure mapping reports generated | AT14: SMC_IND_013 | AU14: # of reports
B15: UNRWA | D15: UNRWA | I15: Site maintenance, risk reduction and improvements | J15: Communal spaces established or improved in sites (including safe spaces, child-friendly spaces, committee spaces, community resource spaces) | L15: Site maintenance, risk reduction and improvements | M15: Communal spaces established or improved in sites (including safe spaces, child-friendly spaces, committee spaces, community resource spaces) | N15: SMC_IND_016 | O15: # of spaces | S15: SMC_IND_015 | T15: =L14&M14 -> Service coordination supported and improvedPeople in sites managed or supported by trained Site Management teams | U15: SMC_IND_015 | V15: # of individuals | AC15: 265 | AD15: Deir al Balah | AE15: Al Bureij (east) | AF15: 26503149 | AJ15: Provision of site management services including strengthened coordination mechanisms, regular site monitoring, service mapping, and robust referral systems to address gaps and avoid duplication. | AK15: Service coordination supported and improved | AO15: Service coordination supported and improved | AP15: Number of site-level coordination meetings | AR15: Service coordination supported and improved | AS15: Number of site-level coordination meetings | AT15: SMC_IND_014 | AU15: # of meetings
I16: Site maintenance, risk reduction and improvements | J16: Number of individuals trained / supported to conduct site care and maintenance | L16: Site maintenance, risk reduction and improvements | M16: Number of individuals trained / supported to conduct site care and maintenance | N16: SMC_IND_017 | O16: # of individuals | S16: SMC_IND_016 | T16: =L15&M15 -> Site maintenance, risk reduction and improvementsCommunal spaces established or improved in sites (including safe spaces, child-friendly spaces, committee spaces, community resource spaces) | U16: SMC_IND_016 | V16: # of spaces | AC16: 265 | AD16: Deir al Balah | AE16: Al Bureij Camp | AF16: 26504182 | AJ16: Provision of site management services including strengthened coordination mechanisms, regular site monitoring, service mapping, and robust referral systems to address gaps and avoid duplication. | AK16: Service coordination supported and improved | AO16: Service coordination supported and improved | AP16: People in sites managed or supported by trained Site Management teams | AR16: Service coordination supported and improved | AS16: People in sites managed or supported by trained Site Management teams | AT16: SMC_IND_015 | AU16: # of individuals
I17: Site maintenance, risk reduction and improvements | J17: Number of sand/flour bags distributed | L17: Site maintenance, risk reduction and improvements | M17: Number of sand/flour bags distributed | N17: SMC_IND_018 | O17: # of bags | S17: SMC_IND_017 | T17: =L16&M16 -> Site maintenance, risk reduction and improvementsNumber of individuals trained / supported to conduct site care and maintenance | U17: SMC_IND_017 | V17: # of individuals | AC17: 265 | AD17: Deir al Balah | AE17: Al Farouq | AF17: 2650581 | AJ17: Works to increase safety and improve dignity of site environments, with risk mitigation measures in place to respond to incidents including seasonal impacts. | AK17: Site maintenance, risk reduction and improvements | AO17: Site maintenance, risk reduction and improvements | AP17: Communal spaces established or improved in sites (including safe spaces, child-friendly spaces, committee spaces, community resource spaces) | AR17: Site maintenance, risk reduction and improvements | AS17: Communal spaces established or improved in sites (including safe spaces, child-friendly spaces, committee spaces, community resource spaces) | AT17: SMC_IND_016 | AU17: # of spaces
I18: Site maintenance, risk reduction and improvements | J18: Number of tools distributed for site improvement (count individual tools, not toolkits) | L18: Site maintenance, risk reduction and improvements | M18: Number of tools distributed for site improvement (count individual tools, not toolkits) | N18: SMC_IND_019 | O18: # of tools | S18: SMC_IND_018 | T18: =L17&M17 -> Site maintenance, risk reduction and improvementsNumber of sand/flour bags distributed | U18: SMC_IND_018 | V18: # of bags | AC18: 265 | AD18: Deir al Balah | AE18: Al Hikr | AF18: 2651093 | AJ18: Works to increase safety and improve dignity of site environments, with risk mitigation measures in place to respond to incidents including seasonal impacts. | AK18: Site maintenance, risk reduction and improvements | AO18: Site maintenance, risk reduction and improvements | AP18: Number of individuals trained / supported to conduct site care and maintenance | AR18: Site maintenance, risk reduction and improvements | AS18: Number of individuals trained / supported to conduct site care and maintenance | AT18: SMC_IND_017 | AU18: # of individuals
I19: Site maintenance, risk reduction and improvements | J19: People in displacement sites with improvements made in site planning, facilities and/or infrastructure including (construction/repair/cleaning drainage, slope stabilisation, etc.) either directly or through community led projects | L19: Site maintenance, risk reduction and improvements | M19: People in displacement sites with improvements made in site planning, facilities and/or infrastructure including (construction/repair/cleaning drainage, slope stabilisation, etc.) either directly or through community led projects | N19: SMC_IND_020 | O19: # of individuals | S19: SMC_IND_019 | T19: =L18&M18 -> Site maintenance, risk reduction and improvementsNumber of tools distributed for site improvement (count individual tools, not toolkits) | U19: SMC_IND_019 | V19: # of tools | AC19: 265 | AD19: Deir al Balah | AE19: Al Maghazi | AF19: 26506150 | AJ19: Works to increase safety and improve dignity of site environments, with risk mitigation measures in place to respond to incidents including seasonal impacts. | AK19: Site maintenance, risk reduction and improvements | AO19: Site maintenance, risk reduction and improvements | AP19: Number of sand/flour bags distributed | AR19: Site maintenance, risk reduction and improvements | AS19: Number of sand/flour bags distributed | AT19: SMC_IND_018 | AU19: # of bags
I20: Site maintenance, risk reduction and improvements | J20: People in sites hired via Cash for Work for site maintenance/improvement | L20: Site maintenance, risk reduction and improvements | M20: People in sites hired via Cash for Work for site maintenance/improvement | N20: SMC_IND_021 | O20: # of individuals | S20: SMC_IND_020 | T20: =L19&M19 -> Site maintenance, risk reduction and improvementsPeople in displacement sites with improvements made in site planning, facilities and/or infrastructure including (construction/repair/cleaning drainage, slope stabilisation, etc.) either directly or through community led projects | U20: SMC_IND_020 | V20: # of individuals | AC20: 265 | AD20: Deir al Balah | AE20: Al Maghazi Camp | AF20: 26507184 | AJ20: Works to increase safety and improve dignity of site environments, with risk mitigation measures in place to respond to incidents including seasonal impacts. | AK20: Site maintenance, risk reduction and improvements | AO20: Site maintenance, risk reduction and improvements | AP20: Number of tools distributed for site improvement (count individual tools, not toolkits) | AR20: Site maintenance, risk reduction and improvements | AS20: Number of tools distributed for site improvement (count individual tools, not toolkits) | AT20: SMC_IND_019 | AU20: # of tools
I21: Support safe transition of site based populations | J21: Individuals supported by Site Management projects facilitating transition through access to services. Including area based site management, hubs, and community resource centres. | L21: Support safe transition of site based populations | M21: Individuals supported by Site Management projects facilitating transition through access to services. Including area based site management, hubs, and community resource centres. | N21: SMC_IND_022 | O21: # of individuals | S21: SMC_IND_021 | T21: =L20&M20 -> Site maintenance, risk reduction and improvementsPeople in sites hired via Cash for Work for site maintenance/improvement | U21: SMC_IND_021 | V21: # of individuals | AC21: 265 | AD21: Deir al Balah | AE21: Al-Louh | AF21: 2651037 | AJ21: Works to increase safety and improve dignity of site environments, with risk mitigation measures in place to respond to incidents including seasonal impacts. | AK21: Site maintenance, risk reduction and improvements | AO21: Site maintenance, risk reduction and improvements | AP21: People in displacement sites with improvements made in site planning, facilities and/or infrastructure including (construction/repair/cleaning drainage, slope stabilisation, etc.) either directly or through community led projects | AR21: Site maintenance, risk reduction and improvements | AS21: People in displacement sites with improvements made in site planning, facilities and/or infrastructure including (construction/repair/cleaning drainage, slope stabilisation, etc.) either directly or through community led projects | AT21: SMC_IND_020 | AU21: # of individuals
I22: Support safe transition of site based populations | J22: Site Management projects facilitating transition through access to services. Including area based site management, hubs, and community resource centres. | L22: Support safe transition of site based populations | M22: Site Management projects facilitating transition through access to services. Including area based site management, hubs, and community resource centres. | N22: SMC_IND_023 | O22: # of projects | S22: SMC_IND_022 | T22: =L21&M21 -> Support safe transition of site based populationsIndividuals supported by Site Management projects facilitating transition through access to services. Including area based site management, hubs, and community resource centres. | U22: SMC_IND_022 | V22: # of individuals | AC22: 265 | AD22: Deir al Balah | AE22: AL-Shortah | AF22: 2651142 | AJ22: Works to increase safety and improve dignity of site environments, with risk mitigation measures in place to respond to incidents including seasonal impacts. | AK22: Site maintenance, risk reduction and improvements | AO22: Site maintenance, risk reduction and improvements | AP22: People in sites hired via Cash for Work for site maintenance/improvement | AR22: Site maintenance, risk reduction and improvements | AS22: People in sites hired via Cash for Work for site maintenance/improvement | AT22: SMC_IND_021 | AU22: # of individuals
I23: Training provided to community representation structures | J23: Number of individuals who have recieved training in community representation structures | L23: Training provided to community representation structures | M23: Number of individuals who have recieved training in community representation structures | N23: SMC_IND_024 | O23: # of participants | S23: SMC_IND_023 | T23: =L22&M22 -> Support safe transition of site based populationsSite Management projects facilitating transition through access to services. Including area based site management, hubs, and community resource centres. | U23: SMC_IND_023 | V23: # of projects | AC23: 265 | AD23: Deir al Balah | AE23: An Nuseirat | AF23: 26501147 | AJ23: Support to populations to transition out of sites including support to populations out of sites, community engagement, support for relocation and safe site closures. | AK23: Support safe transition of site based populations | AO23: Support safe transition of site based populations | AP23: Individuals supported by Site Management projects facilitating transition through access to services. Including area based site management, hubs, and community resource centres. | AR23: Support safe transition of site based populations | AS23: Individuals supported by Site Management projects facilitating transition through access to services. Including area based site management, hubs, and community resource centres. | AT23: SMC_IND_022 | AU23: # of individuals
I24: Training provided to community representation structures | J24: Trainings provided to community representation structures | L24: Training provided to community representation structures | M24: Trainings provided to community representation structures | N24: SMC_IND_025 | O24: # of trainings | S24: SMC_IND_024 | T24: =L23&M23 -> Training provided to community representation structuresNumber of individuals who have recieved training in community representation structures | U24: SMC_IND_024 | V24: # of participants | AC24: 265 | AD24: Deir al Balah | AE24: An Nuseirat Camp | AF24: 26502183 | AJ24: Support to populations to transition out of sites including support to populations out of sites, community engagement, support for relocation and safe site closures. | AK24: Support safe transition of site based populations | AO24: Support safe transition of site based populations | AP24: Site Management projects facilitating transition through access to services. Including area based site management, hubs, and community resource centres. | AR24: Support safe transition of site based populations | AS24: Site Management projects facilitating transition through access to services. Including area based site management, hubs, and community resource centres. | AT24: SMC_IND_023 | AU24: # of projects
I25: Training provided to SMA, CBO, and other stakeholders | J25: Individuals received training in Site Management, including SMA and CBO staff and volunteers, and other stakeholders. | L25: Training provided to SMA, CBO, and other stakeholders | M25: Individuals received training in Site Management, including SMA and CBO staff and volunteers, and other stakeholders. | N25: SMC_IND_026 | O25: # of individuals | S25: SMC_IND_025 | T25: =L24&M24 -> Training provided to community representation structuresTrainings provided to community representation structures | U25: SMC_IND_025 | V25: # of trainings | AC25: 265 | AD25: Deir al Balah | AE25: Ansar | AF25: 2650582 | AJ25: Establishment and strengthening of community representation structures, with two way communication mechanisms in place | AK25: Training provided to community representation structures | AO25: Training provided to community representation structures | AP25: Number of individuals who have recieved training in community representation structures | AR25: Training provided to community representation structures | AS25: Number of individuals who have recieved training in community representation structures | AT25: SMC_IND_024 | AU25: # of participants
I26: Undertake intentions and perceptions surveys | J26: Intentions or perceptions surveys conducted | L26: Undertake intentions and perceptions surveys | M26: Intentions or perceptions surveys conducted | N26: SMC_IND_027 | O26: # of assessments | S26: SMC_IND_026 | T26: =L25&M25 -> Training provided to SMA, CBO, and other stakeholdersIndividuals received training in Site Management, including SMA and CBO staff and volunteers, and other stakeholders. | U26: SMC_IND_026 | V26: # of individuals | AC26: 265 | AD26: Deir al Balah | AE26: Ar Rahmeh | AF26: 2650596 | AJ26: Establishment and strengthening of community representation structures, with two way communication mechanisms in place | AK26: Training provided to community representation structures | AO26: Training provided to community representation structures | AP26: Trainings provided to community representation structures | AR26: Training provided to community representation structures | AS26: Trainings provided to community representation structures | AT26: SMC_IND_025 | AU26: # of trainings
S27: SMC_IND_027 | T27: =L26&M26 -> Undertake intentions and perceptions surveysIntentions or perceptions surveys conducted | U27: SMC_IND_027 | V27: # of assessments | AC27: 265 | AD27: Deir al Balah | AE27: Ar Rasheed | AF27: 2650575 | AJ27: Capacity-strengthening for SMA staff and voluntunteers, CBOs, other sectoral agencies and stakeholders | AK27: Training provided to SMA, CBO, and other stakeholders | AO27: Training provided to SMA, CBO, and other stakeholders | AP27: Individuals received training in Site Management, including SMA and CBO staff and volunteers, and other stakeholders. | AR27: Training provided to SMA, CBO, and other stakeholders | AS27: Individuals received training in Site Management, including SMA and CBO staff and volunteers, and other stakeholders. | AT27: SMC_IND_026 | AU27: # of individuals
AC28: 265 | AD28: Deir al Balah | AE28: Ar Rasheed | AF28: 2650595 | AJ28: Support to populations to transition out of sites including support to populations out of sites, community engagement, support for relocation and safe site closures. | AK28: Undertake intentions and perceptions surveys | AO28: Undertake intentions and perceptions surveys | AP28: Intentions or perceptions surveys conducted | AR28: Undertake intentions and perceptions surveys | AS28: Intentions or perceptions surveys conducted | AT28: SMC_IND_027 | AU28: # of assessments
AC29: 265 | AD29: Deir al Balah | AE29: As Safa | AF29: 2650885
AC30: 265 | AD30: Deir al Balah | AE30: As Sahabah | AF30: 2650577
AC31: 265 | AD31: Deir al Balah | AE31: As Salah | AF31: 2650578
AC32: 265 | AD32: Deir al Balah | AE32: As Salam | AF32: 2651092
AC33: 265 | AD33: Deir al Balah | AE33: As Samah | AF33: 2650576
AC34: 265 | AD34: Deir al Balah | AE34: As Siddeq | AF34: 2650580
AC35: 265 | AD35: Deir al Balah | AE35: As Sidra | AF35: 2650887
AC36: 265 | AD36: Deir al Balah | AE36: Az Zawayda (north) | AF36: 26505193
AC37: 265 | AD37: Deir al Balah | AE37: Deir Al Balah (east) | AF37: 26510151
AC38: 265 | AD38: Deir al Balah | AE38: Deir Al Balah (south) | AF38: 26510152
AC39: 265 | AD39: Deir al Balah | AE39: Deir al Balah Camp | AF39: 26509185
AC40: 265 | AD40: Deir al Balah | AE40: Ja'afarawi | AF40: 2651041
... AC194: 275 | AD194: Rafah | AE194: Tall as Sultan (west) | AF194: 27501155

Sheet COD-Sites
A1: Site ID | B1: Site Name | C1: Site Name (ar) | D1: Governorate | E1: Governorate_PCODE | F1: Neighborhood | G1: HelperConcat | H1: Site | I1: NeighborhoodPcode | J1: Site Agency | K1: Implementing Partner | L1: FinalImplementingPartner | M1: Site Status | N1: Agency
A2: DEB0038 | B2: D/Balah Elem. Co-ed A & B | C2: مدرسه ديرالبلح المشتركه ا . ب ( البصه ) | D2: Deir Al-Balah | E2: 265 | F2: Al Bassa | G2: Deir Al-BalahAl BassaUNRWA | H2: D/Balah Elem. Co-ed A & B | I2: 2651091 | J2: UNRWA | L2: =IF(OR(ISBLANK(tblSites[[#This Row],[Implementing Partner]]), tblSites[[#This Row],[Implementing Partner]]="-"), tblSites[[#This Row],[Site Agency]], tblSites[[#This Row],[Implementing Partner]]) -> UNRWA | M2: Active | N2: =tblSites[[#This Row],[FinalImplementingPartner]] -> UNRWA
A3: DEB0039 | B3: D/Balah Prep. Boys "A" & "B" | C3: مدرسة دير البلح الإعدادية للبنين "أ" و"ب" | D3: Deir Al-Balah | E3: 265 | F3: Deir al Balah Camp | G3: Deir Al-BalahDeir al Balah CampUNRWA | H3: D/Balah Prep. Boys "A" & "B" | I3: 26509185 | J3: UNRWA | L3: =IF(OR(ISBLANK(tblSites[[#This Row],[Implementing Partner]]), tblSites[[#This Row],[Implementing Partner]]="-"), tblSites[[#This Row],[Site Agency]], tblSites[[#This Row],[Implementing Partner]]) -> UNRWA | M3: Active | N3: =tblSites[[#This Row],[FinalImplementingPartner]] -> UNRWA
A4: DEB0040 | B4: D/Balah Prep. Girls "A" & "B" | C4: مدرسة بنات دير البلح الاعدادية أ+ب | D4: Deir Al-Balah | E4: 265 | F4: Al Bassa | G4: Deir Al-BalahAl BassaUNRWA | H4: D/Balah Prep. Girls "A" & "B" | I4: 2651091 | J4: UNRWA | L4: =IF(OR(ISBLANK(tblSites[[#This Row],[Implementing Partner]]), tblSites[[#This Row],[Implementing Partner]]="-"), tblSites[[#This Row],[Site Agency]], tblSites[[#This Row],[Implementing Partner]]) -> UNRWA | M4: Active | N4: =tblSites[[#This Row],[FinalImplementingPartner]] -> UNRWA
A5: DEB0041 | B5: D/Balah Elem. Boys A & B | C5: مدرسه ذكور ديرالبلح الابتدائيه أ .ب المعسكر | D5: Deir Al-Balah | E5: 265 | F5: Deir al Balah Camp | G5: Deir Al-BalahDeir al Balah CampUNRWA | H5: D/Balah Elem. Boys A & B | I5: 26509185 | J5: UNRWA | L5: =IF(OR(ISBLANK(tblSites[[#This Row],[Implementing Partner]]), tblSites[[#This Row],[Implementing Partner]]="-"), tblSites[[#This Row],[Site Agency]], tblSites[[#This Row],[Implementing Partner]]) -> UNRWA | M5: Active | N5: =tblSites[[#This Row],[FinalImplementingPartner]] -> UNRWA
A6: DEB0042 | B6: D/Balah Prep. Boys "C" | C6: مركز ايواء ذكور دير البلح الاعدادية -ج- | D6: Deir Al-Balah | E6: 265 | F6: Al Hikr | G6: Deir Al-BalahAl HikrUNRWA | H6: D/Balah Prep. Boys "C" | I6: 2651093 | J6: UNRWA | L6: =IF(OR(ISBLANK(tblSites[[#This Row],[Implementing Partner]]), tblSites[[#This Row],[Implementing Partner]]="-"), tblSites[[#This Row],[Site Agency]], tblSites[[#This Row],[Implementing Partner]]) -> UNRWA | M6: Active | N6: =tblSites[[#This Row],[FinalImplementingPartner]] -> UNRWA
A7: DEB0046 | B7: Nuseirat Prep. Co-ed "A" | C7: مدرسة النصيرات الإعدادية المشتركة أ | D7: Deir Al-Balah | E7: 265 | F7: An Nuseirat | G7: Deir Al-BalahAn NuseiratUNRWA | H7: Nuseirat Prep. Co-ed "A" | I7: 26501147 | J7: UNRWA | L7: =IF(OR(ISBLANK(tblSites[[#This Row],[Implementing Partner]]), tblSites[[#This Row],[Implementing Partner]]="-"), tblSites[[#This Row],[Site Agency]], tblSites[[#This Row],[Implementing Partner]]) -> UNRWA | M7: Active | N7: =tblSites[[#This Row],[FinalImplementingPartner]] -> UNRWA
A8: DEB0047 | B8: Nuseirat Elem. Co-ed "G" & Prep.Girls "C" | D8: Deir Al-Balah | E8: 265 | F8: An Nuseirat | G8: Deir Al-BalahAn NuseiratUNRWA | H8: Nuseirat Elem. Co-ed "G" & Prep.Girls "C" | I8: 26501147 | J8: UNRWA | L8: =IF(OR(ISBLANK(tblSites[[#This Row],[Implementing Partner]]), tblSites[[#This Row],[Implementing Partner]]="-"), tblSites[[#This Row],[Site Agency]], tblSites[[#This Row],[Implementing Partner]]) -> UNRWA | M8: Active | N8: =tblSites[[#This Row],[FinalImplementingPartner]] -> UNRWA
A9: DEB0051 | B9: New Nuseirat Elem. Coed & Nuseirat Prep. Girls "A" - Official AOR | D9: Deir Al-Balah | E9: 265 | F9: An Nuseirat Camp | G9: Deir Al-BalahAn Nuseirat CampUNRWA | H9: New Nuseirat Elem. Coed & Nuseirat Prep. Girls "A" - Official AOR | I9: 26502183 | J9: UNRWA | L9: =IF(OR(ISBLANK(tblSites[[#This Row],[Implementing Partner]]), tblSites[[#This Row],[Implementing Partner]]="-"), tblSites[[#This Row],[Site Agency]], tblSites[[#This Row],[Implementing Partner]]) -> UNRWA | M9: Active | N9: =tblSites[[#This Row],[FinalImplementingPartner]] -> UNRWA
A10: DEB0052 | B10: Nuseirat Elem. Co-ed "F" & "A" | C10: مركز إيواء مدرسة النصيرات الابتدائية المشتركة أ ،و | D10: Deir Al-Balah | E10: 265 | F10: An Nuseirat Camp | G10: Deir Al-BalahAn Nuseirat CampUNRWA | H10: Nuseirat Elem. Co-ed "F" & "A" | I10: 26502183 | J10: UNRWA | L10: =IF(OR(ISBLANK(tblSites[[#This Row],[Implementing Partner]]), tblSites[[#This Row],[Implementing Partner]]="-"), tblSites[[#This Row],[Site Agency]], tblSites[[#This Row],[Implementing Partner]]) -> UNRWA | M10: Active | N10: =tblSites[[#This Row],[FinalImplementingPartner]] -> UNRWA
A11: DEB0053 | B11: Nuseirat Prep. Boys "A" & Elem. Boys "A" | C11: مركزايواءذكورالنصيرات-الاعداديةأ | D11: Deir Al-Balah | E11: 265 | F11: Al Farouq | G11: Deir Al-BalahAl FarouqUNRWA | H11: Nuseirat Prep. Boys "A" & Elem. Boys "A" | I11: 2650581 | J11: UNRWA | L11: =IF(OR(ISBLANK(tblSites[[#This Row],[Implementing Partner]]), tblSites[[#This Row],[Implementing Partner]]="-"), tblSites[[#This Row],[Site Agency]], tblSites[[#This Row],[Implementing Partner]]) -> UNRWA | M11: Active | N11: =tblSites[[#This Row],[FinalImplementingPartner]] -> UNRWA
A12: DEB0054 | B12: Nuseirat Prep. Boys "D" & Elem. Boys "C" | D12: Deir Al-Balah | E12: 265 | F12: An Nuseirat Camp | G12: Deir Al-BalahAn Nuseirat CampUNRWA | H12: Nuseirat Prep. Boys "D" & Elem. Boys "C" | I12: 26502183 | J12: UNRWA | L12: =IF(OR(ISBLANK(tblSites[[#This Row],[Implementing Partner]]), tblSites[[#This Row],[Implementing Partner]]="-"), tblSites[[#This Row],[Site Agency]], tblSites[[#This Row],[Implementing Partner]]) -> UNRWA | M12: Active | N12: =tblSites[[#This Row],[FinalImplementingPartner]] -> UNRWA
A13: DEB0055 | B13: Nusierat Prep. Girls D & F | D13: Deir Al-Balah | E13: 265 | F13: An Nuseirat | G13: Deir Al-BalahAn NuseiratUNRWA | H13: Nusierat Prep. Girls D & F | I13: 26501147 | J13: UNRWA | L13: =IF(OR(ISBLANK(tblSites[[#This Row],[Implementing Partner]]), tblSites[[#This Row],[Implementing Partner]]="-"), tblSites[[#This Row],[Site Agency]], tblSites[[#This Row],[Implementing Partner]]) -> UNRWA | M13: Active | N13: =tblSites[[#This Row],[FinalImplementingPartner]] -> UNRWA
A14: DEB0056 | B14: Nuseirat Elem. Boys "B" & Girls "A" | D14: Deir Al-Balah | E14: 265 | F14: An Nuseirat Camp | G14: Deir Al-BalahAn Nuseirat CampUNRWA | H14: Nuseirat Elem. Boys "B" & Girls "A" | I14: 26502183 | J14: UNRWA | L14: =IF(OR(ISBLANK(tblSites[[#This Row],[Implementing Partner]]), tblSites[[#This Row],[Implementing Partner]]="-"), tblSites[[#This Row],[Site Agency]], tblSites[[#This Row],[Implementing Partner]]) -> UNRWA | M14: Active | N14: =tblSites[[#This Row],[FinalImplementingPartner]] -> UNRWA
A15: DEB0058 | B15: Nuseirat Prep. Girls "B" | D15: Deir Al-Balah | E15: 265 | F15: An Nuseirat Camp | G15: Deir Al-BalahAn Nuseirat CampUNRWA | H15: Nuseirat Prep. Girls "B" | I15: 26502183 | J15: UNRWA | L15: =IF(OR(ISBLANK(tblSites[[#This Row],[Implementing Partner]]), tblSites[[#This Row],[Implementing Partner]]="-"), tblSites[[#This Row],[Site Agency]], tblSites[[#This Row],[Implementing Partner]]) -> UNRWA | M15: Active | N15: =tblSites[[#This Row],[FinalImplementingPartner]] -> UNRWA
A16: DEB0059 | B16: Nuseirat Prep. Boys "B" & Elem. Boys "E" | C16: مدرسة ذكور النصيرات الاعدادية ب | D16: Deir Al-Balah | E16: 265 | F16: An Nuseirat | G16: Deir Al-BalahAn NuseiratUNRWA | H16: Nuseirat Prep. Boys "B" & Elem. Boys "E" | I16: 26501147 | J16: UNRWA | L16: =IF(OR(ISBLANK(tblSites[[#This Row],[Implementing Partner]]), tblSites[[#This Row],[Implementing Partner]]="-"), tblSites[[#This Row],[Site Agency]], tblSites[[#This Row],[Implementing Partner]]) -> UNRWA | M16: Active | N16: =tblSites[[#This Row],[FinalImplementingPartner]] -> UNRWA
A17: DEB0060 | B17: Nuseirat Elem. Co-ed "B" & "D" | C17: مدرسة النصيرات الابتدائية المشتركة (ب&د) | D17: Deir Al-Balah | E17: 265 | F17: An Nuseirat | G17: Deir Al-BalahAn NuseiratUNRWA | H17: Nuseirat Elem. Co-ed "B" & "D" | I17: 26501147 | J17: UNRWA | L17: =IF(OR(ISBLANK(tblSites[[#This Row],[Implementing Partner]]), tblSites[[#This Row],[Implementing Partner]]="-"), tblSites[[#This Row],[Site Agency]], tblSites[[#This Row],[Implementing Partner]]) -> UNRWA | M17: Active | N17: =tblSites[[#This Row],[FinalImplementingPartner]] -> UNRWA
A18: DEB0061 | B18: Nuseirat Prep. Girls "E" & El Mofte Elem. Co-ed | D18: Deir Al-Balah | E18: 265 | F18: An Nuseirat | G18: Deir Al-BalahAn NuseiratUNRWA | H18: Nuseirat Prep. Girls "E" & El Mofte Elem. Co-ed | I18: 26501147 | J18: UNRWA | L18: =IF(OR(ISBLANK(tblSites[[#This Row],[Implementing Partner]]), tblSites[[#This Row],[Implementing Partner]]="-"), tblSites[[#This Row],[Site Agency]], tblSites[[#This Row],[Implementing Partner]]) -> UNRWA | M18: Active | N18: =tblSites[[#This Row],[FinalImplementingPartner]] -> UNRWA
A19: DEB0062 | B19: Nuseirat Prep. Boys "E" | D19: Deir Al-Balah | E19: 265 | F19: An Nuseirat | G19: Deir Al-BalahAn NuseiratUNRWA | H19: Nuseirat Prep. Boys "E" | I19: 26501147 | J19: UNRWA | L19: =IF(OR(ISBLANK(tblSites[[#This Row],[Implementing Partner]]), tblSites[[#This Row],[Implementing Partner]]="-"), tblSites[[#This Row],[Site Agency]], tblSites[[#This Row],[Implementing Partner]]) -> UNRWA | M19: Active | N19: =tblSites[[#This Row],[FinalImplementingPartner]] -> UNRWA
A20: DEB0064 | B20: Bureij Prep. Boys "C" & "B" | C20: مدرسة ذكور البريج الإعدادية ب و ج | D20: Deir Al-Balah | E20: 265 | F20: Al Bureij Camp | G20: Deir Al-BalahAl Bureij CampUNRWA | H20: Bureij Prep. Boys "C" & "B" | I20: 26504182 | J20: UNRWA | L20: =IF(OR(ISBLANK(tblSites[[#This Row],[Implementing Partner]]), tblSites[[#This Row],[Implementing Partner]]="-"), tblSites[[#This Row],[Site Agency]], tblSites[[#This Row],[Implementing Partner]]) -> UNRWA | M20: Active | N20: =tblSites[[#This Row],[FinalImplementingPartner]] -> UNRWA
A21: DEB0065 | B21: Bureij Prep. Girls "A" | C21: مدرسة بنات البريج الإعدادية أ | D21: Deir Al-Balah | E21: 265 | F21: Al Bureij Camp | G21: Deir Al-BalahAl Bureij CampUNRWA | H21: Bureij Prep. Girls "A" | I21: 26504182 | J21: UNRWA | L21: =IF(OR(ISBLANK(tblSites[[#This Row],[Implementing Partner]]), tblSites[[#This Row],[Implementing Partner]]="-"), tblSites[[#This Row],[Site Agency]], tblSites[[#This Row],[Implementing Partner]]) -> UNRWA | M21: Active | N21: =tblSites[[#This Row],[FinalImplementingPartner]] -> UNRWA
A22: DEB0066 | B22: Bureij Elem. Co-ed "D" & Elem. Boys "D" | C22: مدرسة البريج الابتدائية المشتركة د | D22: Deir Al-Balah | E22: 265 | F22: Al Bureij Camp | G22: Deir Al-BalahAl Bureij CampUNRWA | H22: Bureij Elem. Co-ed "D" & Elem. Boys "D" | I22: 26504182 | J22: UNRWA | L22: =IF(OR(ISBLANK(tblSites[[#This Row],[Implementing Partner]]), tblSites[[#This Row],[Implementing Partner]]="-"), tblSites[[#This Row],[Site Agency]], tblSites[[#This Row],[Implementing Partner]]) -> UNRWA | M22: Active | N22: =tblSites[[#This Row],[FinalImplementingPartner]] -> UNRWA
A23: DEB0067 | B23: Maghazi Elem. Co-ed "A" & "B" | D23: Deir Al-Balah | E23: 265 | F23: Al Maghazi Camp | G23: Deir Al-BalahAl Maghazi CampUNRWA | H23: Maghazi Elem. Co-ed "A" & "B" | I23: 26507184 | J23: UNRWA | L23: =IF(OR(ISBLANK(tblSites[[#This Row],[Implementing Partner]]), tblSites[[#This Row],[Implementing Partner]]="-"), tblSites[[#This Row],[Site Agency]], tblSites[[#This Row],[Implementing Partner]]) -> UNRWA | M23: Active | N23: =tblSites[[#This Row],[FinalImplementingPartner]] -> UNRWA
A24: DEB0068 | B24: Maghazi Prep. Boys "A" | D24: Deir Al-Balah | E24: 265 | F24: Al Maghazi Camp | G24: Deir Al-BalahAl Maghazi CampUNRWA | H24: Maghazi Prep. Boys "A" | I24: 26507184 | J24: UNRWA | L24: =IF(OR(ISBLANK(tblSites[[#This Row],[Implementing Partner]]), tblSites[[#This Row],[Implementing Partner]]="-"), tblSites[[#This Row],[Site Agency]], tblSites[[#This Row],[Implementing Partner]]) -> UNRWA | M24: Active | N24: =tblSites[[#This Row],[FinalImplementingPartner]] -> UNRWA
A25: DEB0069 | B25: Maghazi Elem. Boys "B" & "A" | D25: Deir Al-Balah | E25: 265 | F25: Al Maghazi Camp | G25: Deir Al-BalahAl Maghazi CampUNRWA | H25: Maghazi Elem. Boys "B" & "A" | I25: 26507184 | J25: UNRWA | L25: =IF(OR(ISBLANK(tblSites[[#This Row],[Implementing Partner]]), tblSites[[#This Row],[Implementing Partner]]="-"), tblSites[[#This Row],[Site Agency]], tblSites[[#This Row],[Implementing Partner]]) -> UNRWA | M25: Active | N25: =tblSites[[#This Row],[FinalImplementingPartner]] -> UNRWA
A26: DEB0071 | B26: Ard Abu Gemayzeh | C26: ايواء ارض ابو جميزة | D26: Deir Al-Balah | E26: 265 | F26: Yafa | G26: Deir Al-BalahYafaBLDA | H26: Ard Abu Gemayzeh | I26: 2651089 | J26: IOM | K26: BLDA | L26: =IF(OR(ISBLANK(tblSites[[#This Row],[Implementing Partner]]), tblSites[[#This Row],[Implementing Partner]]="-"), tblSites[[#This Row],[Site Agency]], tblSites[[#This Row],[Implementing Partner]]) -> BLDA | M26: Active | N26: =tblSites[[#This Row],[FinalImplementingPartner]] -> BLDA
A27: DEB0077 | B27: Al-Karama | C27: موقع الكرامة | D27: Deir Al-Balah | E27: 265 | F27: As Salam | G27: Deir Al-BalahAs SalamNo SMA | H27: Al-Karama | I27: 2651092 | J27: No SMA | L27: =IF(OR(ISBLANK(tblSites[[#This Row],[Implementing Partner]]), tblSites[[#This Row],[Implementing Partner]]="-"), tblSites[[#This Row],[Site Agency]], tblSites[[#This Row],[Implementing Partner]]) -> No SMA | M27: Active | N27: =tblSites[[#This Row],[FinalImplementingPartner]] -> No SMA
A28: DEB0080 | B28: Quds Site | C28: مخيم القدس | D28: Deir Al-Balah | E28: 265 | F28: Ar Rasheed | G28: Deir Al-BalahAr RasheedACTED | H28: Quds Site | I28: 2650595 | J28: ACTED | L28: =IF(OR(ISBLANK(tblSites[[#This Row],[Implementing Partner]]), tblSites[[#This Row],[Implementing Partner]]="-"), tblSites[[#This Row],[Site Agency]], tblSites[[#This Row],[Implementing Partner]]) -> ACTED | M28: Active | N28: =tblSites[[#This Row],[FinalImplementingPartner]] -> ACTED
A29: DEB0106 | B29: Al-Sabaatash (Camp 17) | C29: موقع ال17 | D29: Deir Al-Balah | E29: 265 | F29: Deir Al Balah (south) | G29: Deir Al-BalahDeir Al Balah (south)No SMA | H29: Al-Sabaatash (Camp 17) | I29: 26510152 | J29: No SMA | L29: =IF(OR(ISBLANK(tblSites[[#This Row],[Implementing Partner]]), tblSites[[#This Row],[Implementing Partner]]="-"), tblSites[[#This Row],[Site Agency]], tblSites[[#This Row],[Implementing Partner]]) -> No SMA | M29: Active | N29: =tblSites[[#This Row],[FinalImplementingPartner]] -> No SMA
A30: DEB0118 | B30: Al Maghazi Municipality | C30: منتزه بلدية المغازي | D30: Deir Al-Balah | E30: 265 | F30: Al Maghazi | G30: Deir Al-BalahAl MaghaziNo SMA | H30: Al Maghazi Municipality | I30: 26506150 | J30: No SMA | L30: =IF(OR(ISBLANK(tblSites[[#This Row],[Implementing Partner]]), tblSites[[#This Row],[Implementing Partner]]="-"), tblSites[[#This Row],[Site Agency]], tblSites[[#This Row],[Implementing Partner]]) -> No SMA | M30: Active | N30: =tblSites[[#This Row],[FinalImplementingPartner]] -> No SMA
A31: DEB0120 | B31: DEB0120 - Ard Sharrab | C31: ارض شراب | D31: Deir Al-Balah | E31: 265 | F31: Al Balad | G31: Deir Al-BalahAl Balad0 | H31: DEB0120 - Ard Sharrab | I31: 2651094 | L31: =IF(OR(ISBLANK(tblSites[[#This Row],[Implementing Partner]]), tblSites[[#This Row],[Implementing Partner]]="-"), tblSites[[#This Row],[Site Agency]], tblSites[[#This Row],[Implementing Partner]]) -> 0 | M31: Active | N31: =tblSites[[#This Row],[FinalImplementingPartner]] -> 0
A32: DEB0143 | B32: Sweed camp | C32: موقع إيواء السويد | D32: Deir Al-Balah | E32: 265 | F32: Al Balad | G32: Deir Al-BalahAl BaladBLDA | H32: Sweed camp | I32: 2651094 | J32: IOM | K32: BLDA | L32: =IF(OR(ISBLANK(tblSites[[#This Row],[Implementing Partner]]), tblSites[[#This Row],[Implementing Partner]]="-"), tblSites[[#This Row],[Site Agency]], tblSites[[#This Row],[Implementing Partner]]) -> BLDA | M32: Active | N32: =tblSites[[#This Row],[FinalImplementingPartner]] -> BLDA
A33: DEB0148 | B33: Abdel Karim Al-Aklouk School | C33: مدرسة عبد الكريم العكلوك | D33: Deir Al-Balah | E33: 265 | F33: Al Hikr | G33: Deir Al-BalahAl HikrCESVI | H33: Abdel Karim Al-Aklouk School | I33: 2651093 | J33: IOM | K33: CESVI | L33: =IF(OR(ISBLANK(tblSites[[#This Row],[Implementing Partner]]), tblSites[[#This Row],[Implementing Partner]]="-"), tblSites[[#This Row],[Site Agency]], tblSites[[#This Row],[Implementing Partner]]) -> CESVI | M33: Active | N33: =tblSites[[#This Row],[FinalImplementingPartner]] -> CESVI
A34: DEB0167 | B34: Mariam Bint Omran Secondary School for Girls | C34: مدرسة مريم بنت عمران الثانوية للبنات | D34: Deir Al-Balah | E34: 265 | F34: Al Maghazi | G34: Deir Al-BalahAl MaghaziNo SMA | H34: Mariam Bint Omran Secondary School for Girls | I34: 26506150 | J34: No SMA | L34: =IF(OR(ISBLANK(tblSites[[#This Row],[Implementing Partner]]), tblSites[[#This Row],[Implementing Partner]]="-"), tblSites[[#This Row],[Site Agency]], tblSites[[#This Row],[Implementing Partner]]) -> No SMA | M34: Active | N34: =tblSites[[#This Row],[FinalImplementingPartner]] -> No SMA
A35: DEB0178 | B35: Al-Bukhari | C35: مخيم البخاري | D35: Deir Al-Balah | E35: 265 | F35: Al Hikr | G35: Deir Al-BalahAl HikrBLDA | H35: Al-Bukhari | I35: 2651093 | J35: IOM | K35: BLDA | L35: =IF(OR(ISBLANK(tblSites[[#This Row],[Implementing Partner]]), tblSites[[#This Row],[Implementing Partner]]="-"), tblSites[[#This Row],[Site Agency]], tblSites[[#This Row],[Implementing Partner]]) -> BLDA | M35: Active | N35: =tblSites[[#This Row],[FinalImplementingPartner]] -> BLDA
A36: DEB0273 | B36: Al Sitt Amera | C36: - | D36: Deir Al-Balah | E36: 265 | F36: Al Birkeh | G36: Deir Al-BalahAl BirkehNo SMA | H36: Al Sitt Amera | I36: 2651099 | J36: No SMA | L36: =IF(OR(ISBLANK(tblSites[[#This Row],[Implementing Partner]]), tblSites[[#This Row],[Implementing Partner]]="-"), tblSites[[#This Row],[Site Agency]], tblSites[[#This Row],[Implementing Partner]]) -> No SMA | M36: Active | N36: =tblSites[[#This Row],[FinalImplementingPartner]] -> No SMA
A37: DEB0291 | B37: Deir el balah Martyrs girl school | C37: شهداء مدرسة دير البلح للبنات | D37: Deir Al-Balah | E37: 265 | F37: Deir Al Balah (east) | G37: Deir Al-BalahDeir Al Balah (east)No SMA | H37: Deir el balah Martyrs girl school | I37: 26510151 | J37: No SMA | L37: =IF(OR(ISBLANK(tblSites[[#This Row],[Implementing Partner]]), tblSites[[#This Row],[Implementing Partner]]="-"), tblSites[[#This Row],[Site Agency]], tblSites[[#This Row],[Implementing Partner]]) -> No SMA | M37: Active | N37: =tblSites[[#This Row],[FinalImplementingPartner]] -> No SMA
A38: DEB0292 | B38: Rafaida Islamic School | C38: موقع مدرسة رفيدة الأسلمية | D38: Deir Al-Balah | E38: 265 | F38: As Salam | G38: Deir Al-BalahAs SalamNo SMA | H38: Rafaida Islamic School | I38: 2651092 | J38: No SMA | L38: =IF(OR(ISBLANK(tblSites[[#This Row],[Implementing Partner]]), tblSites[[#This Row],[Implementing Partner]]="-"), tblSites[[#This Row],[Site Agency]], tblSites[[#This Row],[Implementing Partner]]) -> No SMA | M38: Active | N38: =tblSites[[#This Row],[FinalImplementingPartner]] -> No SMA
A39: DEB0293 | B39: Amoria School | C39: مدرسة عمورية | D39: Deir Al-Balah | E39: 265 | F39: Tal Az-Zuhour | G39: Deir Al-BalahTal Az-ZuhourNo SMA | H39: Amoria School | I39: 2650597 | J39: No SMA | L39: =IF(OR(ISBLANK(tblSites[[#This Row],[Implementing Partner]]), tblSites[[#This Row],[Implementing Partner]]="-"), tblSites[[#This Row],[Site Agency]], tblSites[[#This Row],[Implementing Partner]]) -> No SMA | M39: Active | N39: =tblSites[[#This Row],[FinalImplementingPartner]] -> No SMA
A40: DEB0294 | B40: Khalid bin Al-Walid School Site | C40: موقع مدرسة خالد بن الوليد | D40: Deir Al-Balah | E40: 265 | F40: An Nuseirat | G40: Deir Al-BalahAn NuseiratNo SMA | H40: Khalid bin Al-Walid School Site | I40: 26501147 | J40: No SMA | L40: =IF(OR(ISBLANK(tblSites[[#This Row],[Implementing Partner]]), tblSites[[#This Row],[Implementing Partner]]="-"), tblSites[[#This Row],[Site Agency]], tblSites[[#This Row],[Implementing Partner]]) -> No SMA | M40: Active | N40: =tblSites[[#This Row],[FinalImplementingPartner]] -> No SMA
A41: DEB0296 | B41: Mamdouh Saidam School | C41: مدرسة ممدوح صيدم | D41: Deir Al-Balah | E41: 265 | F41: An Nuseirat | G41: Deir Al-BalahAn NuseiratNo SMA | H41: Mamdouh Saidam School | I41: 26501147 | J41: No SMA | L41: =IF(OR(ISBLANK(tblSites[[#This Row],[Implementing Partner]]), tblSites[[#This Row],[Implementing Partner]]="-"), tblSites[[#This Row],[Site Agency]], tblSites[[#This Row],[Implementing Partner]]) -> No SMA | M41: Active | N41: =tblSites[[#This Row],[FinalImplementingPartner]] -> No SMA
A42: DEB0298 | B42: Orouba School | D42: Deir Al-Balah | E42: 265 | F42: An Nuseirat Camp | G42: Deir Al-BalahAn Nuseirat CampNo SMA | H42: Orouba School | I42: 26502183 | J42: No SMA | L42: =IF(OR(ISBLANK(tblSites[[#This Row],[Implementing Partner]]), tblSites[[#This Row],[Implementing Partner]]="-"), tblSites[[#This Row],[Site Agency]], tblSites[[#This Row],[Implementing Partner]]) -> No SMA | M42: Active | N42: =tblSites[[#This Row],[FinalImplementingPartner]] -> No SMA
A43: DEB0352 | B43: Abdullah Bin Rawaha | C43: دير البلح الثاناوية الصناعي | D43: Deir Al-Balah | E43: 265 | F43: Al Birkeh | G43: Deir Al-BalahAl BirkehNo SMA | H43: Abdullah Bin Rawaha | I43: 2651099 | J43: No SMA | L43: =IF(OR(ISBLANK(tblSites[[#This Row],[Implementing Partner]]), tblSites[[#This Row],[Implementing Partner]]="-"), tblSites[[#This Row],[Site Agency]], tblSites[[#This Row],[Implementing Partner]]) -> No SMA | M43: Active | N43: =tblSites[[#This Row],[FinalImplementingPartner]] -> No SMA
A44: DEB0355 | B44: Deir Al-Balah School for boys | C44: مدرسة دير البلح الاساسية للبنين | D44: Deir Al-Balah | E44: 265 | F44: Al Hikr | G44: Deir Al-BalahAl HikrNo SMA | H44: Deir Al-Balah School for boys | I44: 2651093 | J44: No SMA | L44: =IF(OR(ISBLANK(tblSites[[#This Row],[Implementing Partner]]), tblSites[[#This Row],[Implementing Partner]]="-"), tblSites[[#This Row],[Site Agency]], tblSites[[#This Row],[Implementing Partner]]) -> No SMA | M44: Active | N44: =tblSites[[#This Row],[FinalImplementingPartner]] -> No SMA
A45: DEB0477 | B45: Arb abu salim shelter | C45: ايواء ارض ابو سليم | D45: Deir Al-Balah | E45: 265 | F45: Al Hikr | G45: Deir Al-BalahAl HikrBLDA | H45: Arb abu salim shelter | I45: 2651093 | J45: IOM | K45: BLDA | L45: =IF(OR(ISBLANK(tblSites[[#This Row],[Implementing Partner]]), tblSites[[#This Row],[Implementing Partner]]="-"), tblSites[[#This Row],[Site Agency]], tblSites[[#This Row],[Implementing Partner]]) -> BLDA | M45: Active | N45: =tblSites[[#This Row],[FinalImplementingPartner]] -> BLDA
A46: DEB0483 | B46: Al-Naser | C46: النصر | D46: Deir Al-Balah | E46: 265 | F46: Al Birkeh | G46: Deir Al-BalahAl BirkehNo SMA | H46: Al-Naser | I46: 2651099 | J46: No SMA | L46: =IF(OR(ISBLANK(tblSites[[#This Row],[Implementing Partner]]), tblSites[[#This Row],[Implementing Partner]]="-"), tblSites[[#This Row],[Site Agency]], tblSites[[#This Row],[Implementing Partner]]) -> No SMA | M46: Active | N46: =tblSites[[#This Row],[FinalImplementingPartner]] -> No SMA
A47: DEB0491 | B47: Al Salam al-Sharqi | C47: السلام الشرقي | D47: Deir Al-Balah | E47: 265 | F47: Al Bassa | G47: Deir Al-BalahAl BassaNo SMA | H47: Al Salam al-Sharqi | I47: 2651091 | J47: No SMA | L47: =IF(OR(ISBLANK(tblSites[[#This Row],[Implementing Partner]]), tblSites[[#This Row],[Implementing Partner]]="-"), tblSites[[#This Row],[Site Agency]], tblSites[[#This Row],[Implementing Partner]]) -> No SMA | M47: Active | N47: =tblSites[[#This Row],[FinalImplementingPartner]] -> No SMA
A48: DEB0492 | B48: Abu Mezied | C48: مخيم ارض ابو مزيد | D48: Deir Al-Balah | E48: 265 | F48: Ansar | G48: Deir Al-BalahAnsarNo SMA | H48: Abu Mezied | I48: 2650582 | J48: No SMA | L48: =IF(OR(ISBLANK(tblSites[[#This Row],[Implementing Partner]]), tblSites[[#This Row],[Implementing Partner]]="-"), tblSites[[#This Row],[Site Agency]], tblSites[[#This Row],[Implementing Partner]]) -> No SMA | M48: Active | N48: =tblSites[[#This Row],[FinalImplementingPartner]] -> No SMA
A49: DEB0493 | B49: Ard Abu Dalal camp | C49: مخيم أرض ابو دلال | D49: Deir Al-Balah | E49: 265 | F49: Tal Az-Zuhour | G49: Deir Al-BalahTal Az-ZuhourNo SMA | H49: Ard Abu Dalal camp | I49: 2650597 | J49: No SMA | L49: =IF(OR(ISBLANK(tblSites[[#This Row],[Implementing Partner]]), tblSites[[#This Row],[Implementing Partner]]="-"), tblSites[[#This Row],[Site Agency]], tblSites[[#This Row],[Implementing Partner]]) -> No SMA | M49: Active | N49: =tblSites[[#This Row],[FinalImplementingPartner]] -> No SMA
A50: DEB0495 | B50: Ard Al-Ghusain | C50: موقع ارض ابو الغصين | D50: Deir Al-Balah | E50: 265 | F50: As Sahabah | G50: Deir Al-BalahAs SahabahNRC | H50: Ard Al-Ghusain | I50: 2650577 | J50: NRC | L50: =IF(OR(ISBLANK(tblSites[[#This Row],[Implementing Partner]]), tblSites[[#This Row],[Implementing Partner]]="-"), tblSites[[#This Row],[Site Agency]], tblSites[[#This Row],[Implementing Partner]]) -> NRC | M50: Active | N50: =tblSites[[#This Row],[FinalImplementingPartner]] -> NRC
A51: DEB0503 | B51: Bureij Elem. Co-ed B & Elem. Boys C | C51: مدرسة البريج الابتدائية المشتركة ب | D51: Deir Al-Balah | E51: 265 | F51: Al Bureij Camp | G51: Deir Al-BalahAl Bureij CampUNRWA | H51: Bureij Elem. Co-ed B & Elem. Boys C | I51: 26504182 | J51: UNRWA | L51: =IF(OR(ISBLANK(tblSites[[#This Row],[Implementing Partner]]), tblSites[[#This Row],[Implementing Partner]]="-"), tblSites[[#This Row],[Site Agency]], tblSites[[#This Row],[Implementing Partner]]) -> UNRWA | M51: Active | N51: =tblSites[[#This Row],[FinalImplementingPartner]] -> UNRWA
A52: DEB0504 | B52: German maritime club camp | C52: مخيم النادي البحري الألماني | D52: Deir Al-Balah | E52: 265 | F52: Al Bassa | G52: Deir Al-BalahAl BassaNo SMA | H52: German maritime club camp | I52: 2651091 | J52: No SMA | L52: =IF(OR(ISBLANK(tblSites[[#This Row],[Implementing Partner]]), tblSites[[#This Row],[Implementing Partner]]="-"), tblSites[[#This Row],[Site Agency]], tblSites[[#This Row],[Implementing Partner]]) -> No SMA | M52: Active | N52: =tblSites[[#This Row],[FinalImplementingPartner]] -> No SMA
A53: DEB0508 | B53: Shams al-Nahar Camp | C53: مخيم شمس النهار | D53: Deir Al-Balah | E53: 265 | F53: Al Balad | G53: Deir Al-BalahAl BaladNo SMA | H53: Shams al-Nahar Camp | I53: 2651094 | J53: No SMA | L53: =IF(OR(ISBLANK(tblSites[[#This Row],[Implementing Partner]]), tblSites[[#This Row],[Implementing Partner]]="-"), tblSites[[#This Row],[Site Agency]], tblSites[[#This Row],[Implementing Partner]]) -> No SMA | M53: Active | N53: =tblSites[[#This Row],[FinalImplementingPartner]] -> No SMA
A54: DEB0509 | B54: Al-Majdal | C54: مركز ايواء المجدل | D54: Deir Al-Balah | E54: 265 | F54: Ar Rasheed | G54: Deir Al-BalahAr RasheedNo SMA | H54: Al-Majdal | I54: 2650595 | J54: No SMA | L54: =IF(OR(ISBLANK(tblSites[[#This Row],[Implementing Partner]]), tblSites[[#This Row],[Implementing Partner]]="-"), tblSites[[#This Row],[Site Agency]], tblSites[[#This Row],[Implementing Partner]]) -> No SMA | M54: Active | N54: =tblSites[[#This Row],[FinalImplementingPartner]] -> No SMA
A55: DEB0515 | B55: Ashkelon square location | C55: موقع عسقلان | D55: Deir Al-Balah | E55: 265 | F55: Al Bassa | G55: Deir Al-BalahAl BassaACTED | H55: Ashkelon square location | I55: 2651091 | J55: ACTED | L55: =IF(OR(ISBLANK(tblSites[[#This Row],[Implementing Partner]]), tblSites[[#This Row],[Implementing Partner]]="-"), tblSites[[#This Row],[Site Agency]], tblSites[[#This Row],[Implementing Partner]]) -> ACTED | M55: Active | N55: =tblSites[[#This Row],[FinalImplementingPartner]] -> ACTED
A56: DEB0517 | B56: Al-Asdiqa' | C56: الأصدقاء | D56: Deir Al-Balah | E56: 265 | F56: Al Bassa | G56: Deir Al-BalahAl BassaNo SMA | H56: Al-Asdiqa' | I56: 2651091 | J56: No SMA | L56: =IF(OR(ISBLANK(tblSites[[#This Row],[Implementing Partner]]), tblSites[[#This Row],[Implementing Partner]]="-"), tblSites[[#This Row],[Site Agency]], tblSites[[#This Row],[Implementing Partner]]) -> No SMA | M56: Active | N56: =tblSites[[#This Row],[FinalImplementingPartner]] -> No SMA
A57: DEB0518 | B57: Zawaida School (under construction) | C57: مدرسة الزوايدة قيد الانشاء مخيم المدهون | D57: Deir Al-Balah | E57: 265 | F57: Ansar | G57: Deir Al-BalahAnsarNo SMA | H57: Zawaida School (under construction) | I57: 2650582 | J57: No SMA | L57: =IF(OR(ISBLANK(tblSites[[#This Row],[Implementing Partner]]), tblSites[[#This Row],[Implementing Partner]]="-"), tblSites[[#This Row],[Site Agency]], tblSites[[#This Row],[Implementing Partner]]) -> No SMA | M57: Active | N57: =tblSites[[#This Row],[FinalImplementingPartner]] -> No SMA
... A59: DEB2030 | B59: Sahel | C59: ساحل | D59: Deir Al-Balah | E59: 265 | F59: An Nuseirat | G59: Deir Al-BalahAn NuseiratNo SMA | H59: Sahel | I59: 26501147 | J59: No SMA | L59: =IF(OR(ISBLANK(tblSites[[#This Row],[Implementing Partner]]), tblSites[[#This Row],[Implementing Partner]]="-"), tblSites[[#This Row],[Site Agency]], tblSites[[#This Row],[Implementing Partner]]) -> No SMA | M59: Active | N59: =tblSites[[#This Row],[FinalImplementingPartner]] -> No SMA
A60: DEB2080 | B60: Unknown - scattered site | D60: Deir Al-Balah | E60: 265 | F60: Al Bassa | G60: Deir Al-BalahAl BassaNo SMA | H60: Unknown - scattered site | I60: 2651091 | J60: No SMA | L60: =IF(OR(ISBLANK(tblSites[[#This Row],[Implementing Partner]]), tblSites[[#This Row],[Implementing Partner]]="-"), tblSites[[#This Row],[Site Agency]], tblSites[[#This Row],[Implementing Partner]]) -> No SMA | M60: Active | N60: =tblSites[[#This Row],[FinalImplementingPartner]] -> No SMA
A61: DEB2084 | B61: Al-Nasser Site | C61: موقع الناصر | D61: Deir Al-Balah | E61: 265 | F61: An Nuseirat | G61: Deir Al-BalahAn NuseiratNo SMA | H61: Al-Nasser Site | I61: 26501147 | J61: No SMA | L61: =IF(OR(ISBLANK(tblSites[[#This Row],[Implementing Partner]]), tblSites[[#This Row],[Implementing Partner]]="-"), tblSites[[#This Row],[Site Agency]], tblSites[[#This Row],[Implementing Partner]]) -> No SMA | M61: Active | N61: =tblSites[[#This Row],[FinalImplementingPartner]] -> No SMA
A62: DEB2093 | B62: Al-Kurban | C62: الكربان | D62: Deir Al-Balah | E62: 265 | F62: Deir Al Balah (south) | G62: Deir Al-BalahDeir Al Balah (south)No SMA | H62: Al-Kurban | I62: 26510152 | J62: No SMA | L62: =IF(OR(ISBLANK(tblSites[[#This Row],[Implementing Partner]]), tblSites[[#This Row],[Implementing Partner]]="-"), tblSites[[#This Row],[Site Agency]], tblSites[[#This Row],[Implementing Partner]]) -> No SMA | M62: Active | N62: =tblSites[[#This Row],[FinalImplementingPartner]] -> No SMA
A63: DEB2102 | B63: Al-Awda Ard Al-Gidwa | C63: العودة ارض الغيدوة | D63: Deir Al-Balah | E63: 265 | F63: Deir Al Balah (south) | G63: Deir Al-BalahDeir Al Balah (south)No SMA | H63: Al-Awda Ard Al-Gidwa | I63: 26510152 | J63: No SMA | L63: =IF(OR(ISBLANK(tblSites[[#This Row],[Implementing Partner]]), tblSites[[#This Row],[Implementing Partner]]="-"), tblSites[[#This Row],[Site Agency]], tblSites[[#This Row],[Implementing Partner]]) -> No SMA | M63: Active | N63: =tblSites[[#This Row],[FinalImplementingPartner]] -> No SMA
A64: DEB2109 | B64: Ard Abo Setta Site | C64: موقع ارض ابو ستة | D64: Deir Al-Balah | E64: 265 | F64: An Nuseirat | G64: Deir Al-BalahAn NuseiratNo SMA | H64: Ard Abo Setta Site | I64: 26501147 | J64: No SMA | L64: =IF(OR(ISBLANK(tblSites[[#This Row],[Implementing Partner]]), tblSites[[#This Row],[Implementing Partner]]="-"), tblSites[[#This Row],[Site Agency]], tblSites[[#This Row],[Implementing Partner]]) -> No SMA | M64: Active | N64: =tblSites[[#This Row],[FinalImplementingPartner]] -> No SMA
A65: DEB2112 | B65: lamen mohamed | C65: الأمين محمد | D65: Deir Al-Balah | E65: 265 | F65: Al Awda | G65: Deir Al-BalahAl AwdaNo SMA | H65: lamen mohamed | I65: 2650579 | J65: No SMA | L65: =IF(OR(ISBLANK(tblSites[[#This Row],[Implementing Partner]]), tblSites[[#This Row],[Implementing Partner]]="-"), tblSites[[#This Row],[Site Agency]], tblSites[[#This Row],[Implementing Partner]]) -> No SMA | M65: Active | N65: =tblSites[[#This Row],[FinalImplementingPartner]] -> No SMA
A66: DEB2131 | B66: Ebn Roshd School | C66: مدرسة ابن رشد | D66: Deir Al-Balah | E66: 265 | F66: Tal Az-Zuhour | G66: Deir Al-BalahTal Az-ZuhourNo SMA | H66: Ebn Roshd School | I66: 2650597 | J66: No SMA | L66: =IF(OR(ISBLANK(tblSites[[#This Row],[Implementing Partner]]), tblSites[[#This Row],[Implementing Partner]]="-"), tblSites[[#This Row],[Site Agency]], tblSites[[#This Row],[Implementing Partner]]) -> No SMA | M66: Active | N66: =tblSites[[#This Row],[FinalImplementingPartner]] -> No SMA
A67: DEB2138 | B67: East Durra | C67: شرق الدرة | D67: Deir Al-Balah | E67: 265 | F67: As Salah | G67: Deir Al-BalahAs SalahNo SMA | H67: East Durra | I67: 2650578 | J67: No SMA | L67: =IF(OR(ISBLANK(tblSites[[#This Row],[Implementing Partner]]), tblSites[[#This Row],[Implementing Partner]]="-"), tblSites[[#This Row],[Site Agency]], tblSites[[#This Row],[Implementing Partner]]) -> No SMA | M67: Active | N67: =tblSites[[#This Row],[FinalImplementingPartner]] -> No SMA
A68: DEB2142 | B68: Al awda shelter | C68: العودة ارض القدوة | D68: Deir Al-Balah | E68: 265 | F68: Al Bruk | G68: Deir Al-BalahAl BrukPARC | H68: Al awda shelter | I68: 2651090 | J68: DRC | K68: PARC | L68: =IF(OR(ISBLANK(tblSites[[#This Row],[Implementing Partner]]), tblSites[[#This Row],[Implementing Partner]]="-"), tblSites[[#This Row],[Site Agency]], tblSites[[#This Row],[Implementing Partner]]) -> PARC | M68: Active | N68: =tblSites[[#This Row],[FinalImplementingPartner]] -> PARC
A69: DEB2144 | B69: Banna Site | C69: بانا | D69: Deir Al-Balah | E69: 265 | F69: Deir Al Balah (south) | G69: Deir Al-BalahDeir Al Balah (south)No SMA | H69: Banna Site | I69: 26510152 | J69: No SMA | L69: =IF(OR(ISBLANK(tblSites[[#This Row],[Implementing Partner]]), tblSites[[#This Row],[Implementing Partner]]="-"), tblSites[[#This Row],[Site Agency]], tblSites[[#This Row],[Implementing Partner]]) -> No SMA | M69: Active | N69: =tblSites[[#This Row],[FinalImplementingPartner]] -> No SMA
A70: DEB2147 | B70: Al Bahri shelter | C70: إيواء النادي البحري | D70: Deir Al-Balah | E70: 265 | F70: Deir Al Balah (south) | G70: Deir Al-BalahDeir Al Balah (south)No SMA | H70: Al Bahri shelter | I70: 26510152 | J70: No SMA | L70: =IF(OR(ISBLANK(tblSites[[#This Row],[Implementing Partner]]), tblSites[[#This Row],[Implementing Partner]]="-"), tblSites[[#This Row],[Site Agency]], tblSites[[#This Row],[Implementing Partner]]) -> No SMA | M70: Active | N70: =tblSites[[#This Row],[FinalImplementingPartner]] -> No SMA
A71: DEB2153 | B71: AL Isra | C71: الأسراء | D71: Deir Al-Balah | E71: 265 | F71: Deir Al Balah (south) | G71: Deir Al-BalahDeir Al Balah (south)No SMA | H71: AL Isra | I71: 26510152 | J71: No SMA | L71: =IF(OR(ISBLANK(tblSites[[#This Row],[Implementing Partner]]), tblSites[[#This Row],[Implementing Partner]]="-"), tblSites[[#This Row],[Site Agency]], tblSites[[#This Row],[Implementing Partner]]) -> No SMA | M71: Active | N71: =tblSites[[#This Row],[FinalImplementingPartner]] -> No SMA
A72: DEB2155 | B72: AL Awda -feald | C72: العودة فياض | D72: Deir Al-Balah | E72: 265 | F72: Deir Al Balah (south) | G72: Deir Al-BalahDeir Al Balah (south)No SMA | H72: AL Awda -feald | I72: 26510152 | J72: No SMA | L72: =IF(OR(ISBLANK(tblSites[[#This Row],[Implementing Partner]]), tblSites[[#This Row],[Implementing Partner]]="-"), tblSites[[#This Row],[Site Agency]], tblSites[[#This Row],[Implementing Partner]]) -> No SMA | M72: Active | N72: =tblSites[[#This Row],[FinalImplementingPartner]] -> No SMA
A73: DEB2169 | B73: Bet Lahia | C73: بيت لاهيا | D73: Deir Al-Balah | E73: 265 | F73: Al Hikr | G73: Deir Al-BalahAl HikrNo SMA | H73: Bet Lahia | I73: 2651093 | J73: No SMA | L73: =IF(OR(ISBLANK(tblSites[[#This Row],[Implementing Partner]]), tblSites[[#This Row],[Implementing Partner]]="-"), tblSites[[#This Row],[Site Agency]], tblSites[[#This Row],[Implementing Partner]]) -> No SMA | M73: Active | N73: =tblSites[[#This Row],[FinalImplementingPartner]] -> No SMA
A74: DEB2190 | B74: Aghosh | C74: اغوش | D74: Deir Al-Balah | E74: 265 | F74: Deir Al Balah (south) | G74: Deir Al-BalahDeir Al Balah (south)No SMA | H74: Aghosh | I74: 26510152 | J74: No SMA | L74: =IF(OR(ISBLANK(tblSites[[#This Row],[Implementing Partner]]), tblSites[[#This Row],[Implementing Partner]]="-"), tblSites[[#This Row],[Site Agency]], tblSites[[#This Row],[Implementing Partner]]) -> No SMA | M74: Active | N74: =tblSites[[#This Row],[FinalImplementingPartner]] -> No SMA
A75: DEB2192 | B75: Sanad | C75: ساند | D75: Deir Al-Balah | E75: 265 | F75: Deir Al Balah (south) | G75: Deir Al-BalahDeir Al Balah (south)No SMA | H75: Sanad | I75: 26510152 | J75: No SMA | L75: =IF(OR(ISBLANK(tblSites[[#This Row],[Implementing Partner]]), tblSites[[#This Row],[Implementing Partner]]="-"), tblSites[[#This Row],[Site Agency]], tblSites[[#This Row],[Implementing Partner]]) -> No SMA | M75: Active | N75: =tblSites[[#This Row],[FinalImplementingPartner]] -> No SMA
A76: DEB2197 | B76: Al-Furat | C76: الفرات | D76: Deir Al-Balah | E76: 265 | F76: Deir Al Balah (south) | G76: Deir Al-BalahDeir Al Balah (south)No SMA | H76: Al-Furat | I76: 26510152 | J76: No SMA | L76: =IF(OR(ISBLANK(tblSites[[#This Row],[Implementing Partner]]), tblSites[[#This Row],[Implementing Partner]]="-"), tblSites[[#This Row],[Site Agency]], tblSites[[#This Row],[Implementing Partner]]) -> No SMA | M76: Active | N76: =tblSites[[#This Row],[FinalImplementingPartner]] -> No SMA
A77: DEB2199 | B77: Al-Hasoon | C77: ايواء حسونة | D77: Deir Al-Balah | E77: 265 | F77: Yafa | G77: Deir Al-BalahYafaBLDA | H77: Al-Hasoon | I77: 2651089 | J77: IOM | K77: BLDA | L77: =IF(OR(ISBLANK(tblSites[[#This Row],[Implementing Partner]]), tblSites[[#This Row],[Implementing Partner]]="-"), tblSites[[#This Row],[Site Agency]], tblSites[[#This Row],[Implementing Partner]]) -> BLDA | M77: Active | N77: =tblSites[[#This Row],[FinalImplementingPartner]] -> BLDA
A78: DEB2201 | B78: Tabaria | C78: Tabaria | D78: Deir Al-Balah | E78: 265 | F78: Al Balad | G78: Deir Al-BalahAl BaladNo SMA | H78: Tabaria | I78: 2651094 | J78: No SMA | L78: =IF(OR(ISBLANK(tblSites[[#This Row],[Implementing Partner]]), tblSites[[#This Row],[Implementing Partner]]="-"), tblSites[[#This Row],[Site Agency]], tblSites[[#This Row],[Implementing Partner]]) -> No SMA | M78: Active | N78: =tblSites[[#This Row],[FinalImplementingPartner]] -> No SMA
A79: DEB2205 | B79: Mustafa 2 | C79: المصطفى٢ | D79: Deir Al-Balah | E79: 265 | F79: Ar Rasheed | G79: Deir Al-BalahAr RasheedNo SMA | H79: Mustafa 2 | I79: 2650595 | J79: No SMA | L79: =IF(OR(ISBLANK(tblSites[[#This Row],[Implementing Partner]]), tblSites[[#This Row],[Implementing Partner]]="-"), tblSites[[#This Row],[Site Agency]], tblSites[[#This Row],[Implementing Partner]]) -> No SMA | M79: Active | N79: =tblSites[[#This Row],[FinalImplementingPartner]] -> No SMA
A80: DEB2208 | B80: abo setta | C80: مخيم ابو سته | D80: Deir Al-Balah | E80: 265 | F80: Ar Rasheed | G80: Deir Al-BalahAr RasheedNo SMA | H80: abo setta | I80: 2650595 | J80: No SMA | L80: =IF(OR(ISBLANK(tblSites[[#This Row],[Implementing Partner]]), tblSites[[#This Row],[Implementing Partner]]="-"), tblSites[[#This Row],[Site Agency]], tblSites[[#This Row],[Implementing Partner]]) -> No SMA | M80: Active | N80: =tblSites[[#This Row],[FinalImplementingPartner]] -> No SMA
A81: DEB2209 | B81: Tahlya Shamal | C81: التحليه الشمالي | D81: Deir Al-Balah | E81: 265 | F81: Ar Rasheed | G81: Deir Al-BalahAr RasheedNo SMA | H81: Tahlya Shamal | I81: 2650595 | J81: No SMA | L81: =IF(OR(ISBLANK(tblSites[[#This Row],[Implementing Partner]]), tblSites[[#This Row],[Implementing Partner]]="-"), tblSites[[#This Row],[Site Agency]], tblSites[[#This Row],[Implementing Partner]]) -> No SMA | M81: Active | N81: =tblSites[[#This Row],[FinalImplementingPartner]] -> No SMA
A82: DEB2215 | B82: Abnaa Al-Mukhayam | C82: ابناء المخيم | D82: Deir Al-Balah | E82: 265 | F82: Deir Al Balah (south) | G82: Deir Al-BalahDeir Al Balah (south)No SMA | H82: Abnaa Al-Mukhayam | I82: 26510152 | J82: No SMA | L82: =IF(OR(ISBLANK(tblSites[[#This Row],[Implementing Partner]]), tblSites[[#This Row],[Implementing Partner]]="-"), tblSites[[#This Row],[Site Agency]], tblSites[[#This Row],[Implementing Partner]]) -> No SMA | M82: Active | N82: =tblSites[[#This Row],[FinalImplementingPartner]] -> No SMA
A83: DEB2217 | B83: Al Baraka Camp 17 | C83: مخيم البركة 17 | D83: Deir Al-Balah | E83: 265 | F83: Al Bruk | G83: Deir Al-BalahAl BrukNo SMA | H83: Al Baraka Camp 17 | I83: 2651090 | J83: No SMA | L83: =IF(OR(ISBLANK(tblSites[[#This Row],[Implementing Partner]]), tblSites[[#This Row],[Implementing Partner]]="-"), tblSites[[#This Row],[Site Agency]], tblSites[[#This Row],[Implementing Partner]]) -> No SMA | M83: Active | N83: =tblSites[[#This Row],[FinalImplementingPartner]] -> No SMA
A84: DEB2218 | B84: Ard Zaytoon | C84: ارض الزيتون | D84: Deir Al-Balah | E84: 265 | F84: Tal Az-Zuhour | G84: Deir Al-BalahTal Az-ZuhourNo SMA | H84: Ard Zaytoon | I84: 2650597 | J84: No SMA | L84: =IF(OR(ISBLANK(tblSites[[#This Row],[Implementing Partner]]), tblSites[[#This Row],[Implementing Partner]]="-"), tblSites[[#This Row],[Site Agency]], tblSites[[#This Row],[Implementing Partner]]) -> No SMA | M84: Active | N84: =tblSites[[#This Row],[FinalImplementingPartner]] -> No SMA
A85: DEB2219 | B85: Al-Durra Stadium | C85: ملعب الدرة | D85: Deir Al-Balah | E85: 265 | F85: Ar Rasheed | G85: Deir Al-BalahAr RasheedACTED | H85: Al-Durra Stadium | I85: 2650595 | J85: ACTED | L85: =IF(OR(ISBLANK(tblSites[[#This Row],[Implementing Partner]]), tblSites[[#This Row],[Implementing Partner]]="-"), tblSites[[#This Row],[Site Agency]], tblSites[[#This Row],[Implementing Partner]]) -> ACTED | M85: Active | N85: =tblSites[[#This Row],[FinalImplementingPartner]] -> ACTED
A86: DEB2222 | B86: Almanara | C86: المنارة | D86: Deir Al-Balah | E86: 265 | F86: As Siddeq | G86: Deir Al-BalahAs SiddeqNo SMA | H86: Almanara | I86: 2650580 | J86: No SMA | L86: =IF(OR(ISBLANK(tblSites[[#This Row],[Implementing Partner]]), tblSites[[#This Row],[Implementing Partner]]="-"), tblSites[[#This Row],[Site Agency]], tblSites[[#This Row],[Implementing Partner]]) -> No SMA | M86: Active | N86: =tblSites[[#This Row],[FinalImplementingPartner]] -> No SMA
A87: DEB2231 | B87: Al-Eila Shelter | D87: Deir Al-Balah | E87: 265 | F87: Ar Rasheed | G87: Deir Al-BalahAr RasheedNo SMA | H87: Al-Eila Shelter | I87: 2650595 | J87: No SMA | L87: =IF(OR(ISBLANK(tblSites[[#This Row],[Implementing Partner]]), tblSites[[#This Row],[Implementing Partner]]="-"), tblSites[[#This Row],[Site Agency]], tblSites[[#This Row],[Implementing Partner]]) -> No SMA | M87: Active | N87: =tblSites[[#This Row],[FinalImplementingPartner]] -> No SMA
A88: DEB2258 | B88: Zaitoon Land | C88: ارض الزيتون | D88: Deir Al-Balah | E88: 265 | F88: Tal Az-Zuhour | G88: Deir Al-BalahTal Az-ZuhourNo SMA | H88: Zaitoon Land | I88: 2650597 | J88: No SMA | L88: =IF(OR(ISBLANK(tblSites[[#This Row],[Implementing Partner]]), tblSites[[#This Row],[Implementing Partner]]="-"), tblSites[[#This Row],[Site Agency]], tblSites[[#This Row],[Implementing Partner]]) -> No SMA | M88: Active | N88: =tblSites[[#This Row],[FinalImplementingPartner]] -> No SMA
A89: DEB2261 | B89: al karam 2 | C89: الكرم 2 | D89: Deir Al-Balah | E89: 265 | F89: Deir Al Balah (south) | G89: Deir Al-BalahDeir Al Balah (south)No SMA | H89: al karam 2 | I89: 26510152 | J89: No SMA | L89: =IF(OR(ISBLANK(tblSites[[#This Row],[Implementing Partner]]), tblSites[[#This Row],[Implementing Partner]]="-"), tblSites[[#This Row],[Site Agency]], tblSites[[#This Row],[Implementing Partner]]) -> No SMA | M89: Active | N89: =tblSites[[#This Row],[FinalImplementingPartner]] -> No SMA
A90: DEB2263 | B90: Akka | C90: عكا | D90: Deir Al-Balah | E90: 265 | F90: Deir Al Balah (south) | G90: Deir Al-BalahDeir Al Balah (south)BLDA | H90: Akka | I90: 26510152 | J90: IOM | K90: BLDA | L90: =IF(OR(ISBLANK(tblSites[[#This Row],[Implementing Partner]]), tblSites[[#This Row],[Implementing Partner]]="-"), tblSites[[#This Row],[Site Agency]], tblSites[[#This Row],[Implementing Partner]]) -> BLDA | M90: Active | N90: =tblSites[[#This Row],[FinalImplementingPartner]] -> BLDA
A91: DEB2284 | B91: Abu Asad Shelter | D91: Deir Al-Balah | E91: 265 | F91: Deir Al Balah (south) | G91: Deir Al-BalahDeir Al Balah (south)No SMA | H91: Abu Asad Shelter | I91: 26510152 | J91: No SMA | L91: =IF(OR(ISBLANK(tblSites[[#This Row],[Implementing Partner]]), tblSites[[#This Row],[Implementing Partner]]="-"), tblSites[[#This Row],[Site Agency]], tblSites[[#This Row],[Implementing Partner]]) -> No SMA | M91: Active | N91: =tblSites[[#This Row],[FinalImplementingPartner]] -> No SMA
A92: DEB2285 | B92: Ard Okasha camp | C92: ارض اكاشا | D92: Deir Al-Balah | E92: 265 | F92: Deir Al Balah (south) | G92: Deir Al-BalahDeir Al Balah (south)No SMA | H92: Ard Okasha camp | I92: 26510152 | J92: No SMA | L92: =IF(OR(ISBLANK(tblSites[[#This Row],[Implementing Partner]]), tblSites[[#This Row],[Implementing Partner]]="-"), tblSites[[#This Row],[Site Agency]], tblSites[[#This Row],[Implementing Partner]]) -> No SMA | M92: Active | N92: =tblSites[[#This Row],[FinalImplementingPartner]] -> No SMA
A93: DEB2288 | B93: Al amal 3 | C93: موقع الامل 3 | D93: Deir Al-Balah | E93: 265 | F93: Deir Al Balah (south) | G93: Deir Al-BalahDeir Al Balah (south)No SMA | H93: Al amal 3 | I93: 26510152 | J93: No SMA | L93: =IF(OR(ISBLANK(tblSites[[#This Row],[Implementing Partner]]), tblSites[[#This Row],[Implementing Partner]]="-"), tblSites[[#This Row],[Site Agency]], tblSites[[#This Row],[Implementing Partner]]) -> No SMA | M93: Active | N93: =tblSites[[#This Row],[FinalImplementingPartner]] -> No SMA
A94: DEB2289 | B94: Al-Salam Al-Bahr Camp | D94: Deir Al-Balah | E94: 265 | F94: Deir Al Balah (south) | G94: Deir Al-BalahDeir Al Balah (south)No SMA | H94: Al-Salam Al-Bahr Camp | I94: 26510152 | J94: No SMA | L94: =IF(OR(ISBLANK(tblSites[[#This Row],[Implementing Partner]]), tblSites[[#This Row],[Implementing Partner]]="-"), tblSites[[#This Row],[Site Agency]], tblSites[[#This Row],[Implementing Partner]]) -> No SMA | M94: Active | N94: =tblSites[[#This Row],[FinalImplementingPartner]] -> No SMA
A95: DEB2303 | B95: al trainy | C95: مخيم الطريني | D95: Deir Al-Balah | E95: 265 | F95: Ar Rasheed | G95: Deir Al-BalahAr RasheedNRC | H95: al trainy | I95: 2650575 | J95: NRC | L95: =IF(OR(ISBLANK(tblSites[[#This Row],[Implementing Partner]]), tblSites[[#This Row],[Implementing Partner]]="-"), tblSites[[#This Row],[Site Agency]], tblSites[[#This Row],[Implementing Partner]]) -> NRC | M95: Active | N95: =tblSites[[#This Row],[FinalImplementingPartner]] -> NRC
A96: DEB2308 | B96: Al-Khawaldeh Camp | C96: الخوالدة | D96: Deir Al-Balah | E96: 265 | F96: As Siddeq | G96: Deir Al-BalahAs SiddeqNo SMA | H96: Al-Khawaldeh Camp | I96: 2650580 | J96: No SMA | L96: =IF(OR(ISBLANK(tblSites[[#This Row],[Implementing Partner]]), tblSites[[#This Row],[Implementing Partner]]="-"), tblSites[[#This Row],[Site Agency]], tblSites[[#This Row],[Implementing Partner]]) -> No SMA | M96: Active | N96: =tblSites[[#This Row],[FinalImplementingPartner]] -> No SMA
A97: DEB2328 | B97: Abo breas | C97: مخيم أبو بريص | D97: Deir Al-Balah | E97: 265 | F97: As Sahabah | G97: Deir Al-BalahAs SahabahNo SMA | H97: Abo breas | I97: 2650577 | J97: No SMA | L97: =IF(OR(ISBLANK(tblSites[[#This Row],[Implementing Partner]]), tblSites[[#This Row],[Implementing Partner]]="-"), tblSites[[#This Row],[Site Agency]], tblSites[[#This Row],[Implementing Partner]]) -> No SMA | M97: Active | N97: =tblSites[[#This Row],[FinalImplementingPartner]] -> No SMA
A98: DEB2330 | B98: mostafa | C98: مخيم المصطفى | D98: Deir Al-Balah | E98: 265 | F98: Ar Rasheed | G98: Deir Al-BalahAr RasheedACTED | H98: mostafa | I98: 2650595 | J98: ACTED | L98: =IF(OR(ISBLANK(tblSites[[#This Row],[Implementing Partner]]), tblSites[[#This Row],[Implementing Partner]]="-"), tblSites[[#This Row],[Site Agency]], tblSites[[#This Row],[Implementing Partner]]) -> ACTED | M98: Active | N98: =tblSites[[#This Row],[FinalImplementingPartner]] -> ACTED
A99: DEB2336 | B99: bassa | C99: مخيم البصه | D99: Deir Al-Balah | E99: 265 | F99: As Salah | G99: Deir Al-BalahAs SalahNo SMA | H99: bassa | I99: 2650578 | J99: No SMA | L99: =IF(OR(ISBLANK(tblSites[[#This Row],[Implementing Partner]]), tblSites[[#This Row],[Implementing Partner]]="-"), tblSites[[#This Row],[Site Agency]], tblSites[[#This Row],[Implementing Partner]]) -> No SMA | M99: Active | N99: =tblSites[[#This Row],[FinalImplementingPartner]] -> No SMA
A100: DEB2348 | B100: Abu Dlal | C100: أرض أبو دلال | D100: Deir Al-Balah | E100: 265 | F100: Tal Az-Zuhour | G100: Deir Al-BalahTal Az-ZuhourNo SMA | H100: Abu Dlal | I100: 2650597 | J100: No SMA | L100: =IF(OR(ISBLANK(tblSites[[#This Row],[Implementing Partner]]), tblSites[[#This Row],[Implementing Partner]]="-"), tblSites[[#This Row],[Site Agency]], tblSites[[#This Row],[Implementing Partner]]) -> No SMA | M100: Active | N100: =tblSites[[#This Row],[FinalImplementingPartner]] -> No SMA
A101: DEB2355 | B101: Aewaa alglees | C101: إيواء الجليس | D101: Deir Al-Balah | E101: 265 | F101: Deir Al Balah (south) | G101: Deir Al-BalahDeir Al Balah (south)No SMA | H101: Aewaa alglees | I101: 26510152 | J101: No SMA | L101: =IF(OR(ISBLANK(tblSites[[#This Row],[Implementing Partner]]), tblSites[[#This Row],[Implementing Partner]]="-"), tblSites[[#This Row],[Site Agency]], tblSites[[#This Row],[Implementing Partner]]) -> No SMA | M101: Active | N101: =tblSites[[#This Row],[FinalImplementingPartner]] -> No SMA
...
